timestamp,rate(node_cpu_seconds_total[3s])_0_idle_,rate(node_cpu_seconds_total[3s])_0_iowait_,rate(node_cpu_seconds_total[3s])_0_irq_,rate(node_cpu_seconds_total[3s])_0_nice_,rate(node_cpu_seconds_total[3s])_0_softirq_,rate(node_cpu_seconds_total[3s])_0_steal_,rate(node_cpu_seconds_total[3s])_0_system_,rate(node_cpu_seconds_total[3s])_0_user_,rate(node_cpu_seconds_total[3s])_1_idle_,rate(node_cpu_seconds_total[3s])_1_iowait_,rate(node_cpu_seconds_total[3s])_1_irq_,rate(node_cpu_seconds_total[3s])_1_nice_,rate(node_cpu_seconds_total[3s])_1_softirq_,rate(node_cpu_seconds_total[3s])_1_steal_,rate(node_cpu_seconds_total[3s])_1_system_,rate(node_cpu_seconds_total[3s])_1_user_,rate(node_cpu_seconds_total[3s])_2_idle_,rate(node_cpu_seconds_total[3s])_2_iowait_,rate(node_cpu_seconds_total[3s])_2_irq_,rate(node_cpu_seconds_total[3s])_2_nice_,rate(node_cpu_seconds_total[3s])_2_softirq_,rate(node_cpu_seconds_total[3s])_2_steal_,rate(node_cpu_seconds_total[3s])_2_system_,rate(node_cpu_seconds_total[3s])_2_user_,rate(node_cpu_seconds_total[3s])_3_idle_,rate(node_cpu_seconds_total[3s])_3_iowait_,rate(node_cpu_seconds_total[3s])_3_irq_,rate(node_cpu_seconds_total[3s])_3_nice_,rate(node_cpu_seconds_total[3s])_3_softirq_,rate(node_cpu_seconds_total[3s])_3_steal_,rate(node_cpu_seconds_total[3s])_3_system_,rate(node_cpu_seconds_total[3s])_3_user_,rate(node_cpu_guest_seconds_total[3s])_0_nice_,rate(node_cpu_guest_seconds_total[3s])_0_user_,rate(node_cpu_guest_seconds_total[3s])_1_nice_,rate(node_cpu_guest_seconds_total[3s])_1_user_,rate(node_cpu_guest_seconds_total[3s])_2_nice_,rate(node_cpu_guest_seconds_total[3s])_2_user_,rate(node_cpu_guest_seconds_total[3s])_3_nice_,rate(node_cpu_guest_seconds_total[3s])_3_user_,rate(node_network_receive_bytes_total[3s])_eth0_,rate(node_network_receive_bytes_total[3s])_lo_,rate(node_network_receive_bytes_total[3s])_wlan0_,rate(node_network_transmit_bytes_total[3s])_eth0_,rate(node_network_transmit_bytes_total[3s])_lo_,rate(node_network_transmit_bytes_total[3s])_wlan0_,rate(node_network_receive_packets_total[3s])_eth0_,rate(node_network_receive_packets_total[3s])_lo_,rate(node_network_receive_packets_total[3s])_wlan0_,rate(node_network_transmit_packets_total[3s])_eth0_,rate(node_network_transmit_packets_total[3s])_lo_,rate(node_network_transmit_packets_total[3s])_wlan0_,rate(node_network_receive_errs_total[3s])_eth0_,rate(node_network_receive_errs_total[3s])_lo_,rate(node_network_receive_errs_total[3s])_wlan0_,rate(node_network_transmit_errs_total[3s])_eth0_,rate(node_network_transmit_errs_total[3s])_lo_,rate(node_network_transmit_errs_total[3s])_wlan0_,rate(node_network_receive_drop_total[3s])_eth0_,rate(node_network_receive_drop_total[3s])_lo_,rate(node_network_receive_drop_total[3s])_wlan0_,rate(node_network_transmit_drop_total[3s])_eth0_,rate(node_network_transmit_drop_total[3s])_lo_,rate(node_network_transmit_drop_total[3s])_wlan0_,rate(node_network_receive_compressed_total[3s])_eth0_,rate(node_network_receive_compressed_total[3s])_lo_,rate(node_network_receive_compressed_total[3s])_wlan0_,rate(node_network_transmit_compressed_total[3s])_eth0_,rate(node_network_transmit_compressed_total[3s])_lo_,rate(node_network_transmit_compressed_total[3s])_wlan0_,rate(node_network_receive_multicast_total[3s])_eth0_,rate(node_network_receive_multicast_total[3s])_lo_,rate(node_network_receive_multicast_total[3s])_wlan0_,rate(node_network_receive_fifo_total[3s])_eth0_,rate(node_network_receive_fifo_total[3s])_lo_,rate(node_network_receive_fifo_total[3s])_wlan0_,rate(node_network_transmit_fifo_total[3s])_eth0_,rate(node_network_transmit_fifo_total[3s])_lo_,rate(node_network_transmit_fifo_total[3s])_wlan0_,rate(node_network_receive_frame_total[3s])_eth0_,rate(node_network_receive_frame_total[3s])_lo_,rate(node_network_receive_frame_total[3s])_wlan0_,rate(node_network_transmit_carrier_total[3s])_eth0_,rate(node_network_transmit_carrier_total[3s])_lo_,rate(node_network_transmit_carrier_total[3s])_wlan0_,rate(node_network_transmit_colls_total[3s])_eth0_,rate(node_network_transmit_colls_total[3s])_lo_,rate(node_network_transmit_colls_total[3s])_wlan0_,rate(node_forks_total[3s])_,rate(process_virtual_memory_bytes[3s])_,rate(node_schedstat_running_seconds_total[3s])_0_,rate(node_schedstat_running_seconds_total[3s])_1_,rate(node_schedstat_running_seconds_total[3s])_2_,rate(node_schedstat_running_seconds_total[3s])_3_,rate(node_schedstat_waiting_seconds_total[3s])_0_,rate(node_schedstat_waiting_seconds_total[3s])_1_,rate(node_schedstat_waiting_seconds_total[3s])_2_,rate(node_schedstat_waiting_seconds_total[3s])_3_,rate(node_context_switches_total[3s])_,rate(node_intr_total[3s])_,rate(node_schedstat_timeslices_total[3s])_0_,rate(node_schedstat_timeslices_total[3s])_1_,rate(node_schedstat_timeslices_total[3s])_2_,rate(node_schedstat_timeslices_total[3s])_3_,rate(process_cpu_seconds_total[3s])_,rate(node_softnet_processed_total[3s])_0_,rate(node_softnet_processed_total[3s])_1_,rate(node_softnet_processed_total[3s])_2_,rate(node_softnet_processed_total[3s])_3_,rate(node_softnet_dropped_total[3s])_0_,rate(node_softnet_dropped_total[3s])_1_,rate(node_softnet_dropped_total[3s])_2_,rate(node_softnet_dropped_total[3s])_3_,rate(node_softnet_times_squeezed_total[3s])_0_,rate(node_softnet_times_squeezed_total[3s])_1_,rate(node_softnet_times_squeezed_total[3s])_2_,rate(node_softnet_times_squeezed_total[3s])_3_,rate(node_netstat_IpExt_InOctets[3s])_,rate(node_netstat_IpExt_OutOctets[3s])_,rate(node_netstat_Ip_Forwarding[3s])_,rate(node_netstat_Icmp_InMsgs[3s])_,rate(node_netstat_Icmp_OutMsgs[3s])_,rate(node_netstat_Icmp_InErrors[3s])_,rate(node_netstat_Udp_InDatagrams[3s])_,rate(node_netstat_Udp_OutDatagrams[3s])_,rate(node_netstat_Udp_InErrors[3s])_,rate(node_netstat_Udp_NoPorts[3s])_,rate(node_netstat_UdpLite_InErrors[3s])_,rate(node_netstat_Udp_RcvbufErrors[3s])_,rate(node_netstat_Udp_SndbufErrors[3s])_,rate(node_netstat_Tcp_InSegs[3s])_,rate(node_netstat_Tcp_OutSegs[3s])_,rate(node_netstat_TcpExt_ListenOverflows[3s])_,rate(node_netstat_TcpExt_ListenDrops[3s])_,rate(node_netstat_TcpExt_TCPSynRetrans[3s])_,rate(node_netstat_Tcp_RetransSegs[3s])_,rate(node_netstat_Tcp_InErrs[3s])_,rate(node_netstat_Tcp_OutRsts[3s])_,rate(node_netstat_TcpExt_SyncookiesFailed[3s])_,rate(node_netstat_TcpExt_SyncookiesRecv[3s])_,rate(node_netstat_Tcp_ActiveOpens[3s])_,rate(node_netstat_Tcp_PassiveOpens[3s])_,node_load1_,node_load5_,node_load15_,node_entropy_available_bits_,node_disk_io_now_mmcblk0_,node_disk_io_now_mmcblk0p1_,node_disk_io_now_mmcblk0p2_,node_arp_entries_wlan0_,node_network_mtu_bytes_eth0_,node_network_mtu_bytes_lo_,node_network_mtu_bytes_wlan0_,node_network_transmit_queue_length_eth0_,node_network_transmit_queue_length_lo_,node_network_transmit_queue_length_wlan0_,node_network_up_eth0_,node_network_up_lo_,node_network_up_wlan0_,node_network_carrier_eth0_,node_network_carrier_lo_,node_network_carrier_wlan0_,node_sockstat_TCP_alloc_,node_sockstat_TCP_inuse_,node_sockstat_TCP_mem_,node_sockstat_TCP_orphan_,node_sockstat_TCP_tw_,node_sockstat_UDPLITE_inuse_,node_sockstat_UDP_inuse_,node_sockstat_UDP_mem_,node_sockstat_FRAG_inuse_,node_sockstat_RAW_inuse_,node_sockstat_TCP_mem_bytes_,node_sockstat_UDP_mem_bytes_,node_sockstat_FRAG_memory_,node_sockstat_sockets_used_,node_netstat_Tcp_CurrEstab_,Label
03/12/2023 09:22:03,0.98,0.005,0,0,0,0,0.02,0.01,0.975,0,0,0,0,0,0.01,0.015,0.93,0.02,0,0,0,0,0.02,0.04,0.995,0,0,0,0,0,0.01,0.01,0,0,0,0,0,0,0,0,0,12565.5,3172,0,12565.5,192,0,8,15.5,0,8,1,0,0,0,0,0,0,0,0,0,0,0,0,0,0,0,0,0,0,0,0,0,0,0,0,0,0,0,0,0,0,0,0,0,0,0,0,7,0,0.028051747,0.03546462,0.067361029,0.016339506,0.008574958,0.001606632,0.007058424,0.001245779,904,739,320,75.5,100.5,44,0.055,16.5,1,6,0,0,0,0,0,0,0,0,0,1685,164,0,0,0,0,7.5,0.5,0,0,0,0,0,8,8,0,0,0,0,0,0,0,0,0,0,0.3,0.18,0.07,256,0,0,0,2,1500,65536,1500,1000,1000,1000,0,0,1,0,1,1,13,4,6,0,0,0,4,256,0,0,24576,1048576,0,360,5,Benign
03/12/2023 09:22:04,0.97,0,0,0,0,0,0.015,0.005,0.94,0,0,0,0,0,0.015,0.035,0.955,0,0,0,0,0,0.02,0.03,0.98,0,0,0,0,0,0.01,0.005,0,0,0,0,0,0,0,0,0,12609,4655,0,12609,192,0,8.5,23.5,0,8.5,1,0,0,0,0,0,0,0,0,0,0,0,0,0,0,0,0,0,0,0,0,0,0,0,0,0,0,0,0,0,0,0,0,0,0,0,0,5.5,0,0.027152467,0.053827934,0.048159905,0.013082435,0.01030638,0.001880067,0.002832797,0.000664492,942.5,718.5,404.5,77,41.5,34,0.085,24,3,3,2,0,0,0,0,0,0,0,0,2386.5,164,0,0,0,0,11.5,0.5,0,0,0,0,0,8.5,8.5,0,0,0,0,0,0,0,0,0,0,0.3,0.18,0.07,256,0,0,0,2,1500,65536,1500,1000,1000,1000,0,0,1,0,1,1,13,4,6,0,0,0,4,256,0,0,24576,1048576,0,360,5,Benign
03/12/2023 09:22:07,0.995,0,0,0,0,0,0.005,0.005,1,0,0,0,0,0,0,0,0.985,0,0,0,0,0,0,0.015,0.97,0,0,0,0,0,0.01,0.025,0,0,0,0,0,0,0,0,0,12468.5,2702,0,12468.5,0,0,7,12,0,7,0,0,0,0,0,0,0,0,0,0,0,0,0,0,0,0,0,0,0,0,0,0,0,0,0,0,0,0,0,0,0,0,0,0,0,0,0,0,0,0.007979221,0.001080612,0.015869639,0.034118509,0.001475769,0.000103139,3.06E-05,0.000462453,553,374,237,25,18,69,0.03,12,1,0,6,0,0,0,0,0,0,0,0,1291,0,0,0,0,0,6,0,0,0,0,0,0,7,7,0,0,0,0,0,0,0,0,0,0,0.3,0.18,0.07,256,0,0,0,2,1500,65536,1500,1000,1000,1000,0,0,1,0,1,1,13,4,6,0,0,0,4,256,0,0,24576,1048576,0,360,5,Benign
03/12/2023 09:22:08,0.99,0,0,0,0,0,0.005,0.005,0.995,0,0,0,0,0,0,0,0.99,0,0,0,0,0,0,0,0.965,0,0,0,0,0,0.005,0.025,0,0,0,0,0,0,0,0,0,12469,8524,0,12469,0,0,7,14,0,7,0,0,0,0,0,0,0,0,0,0,0,0,0,0,0,0,0,0,0,0,0,0,0,0,0,0,0,0,0,0,0,0,0,0,0,0,0,0,0,0.009905673,0.000663215,0.002579999,0.029169436,0.001755583,0.000100091,0.000118639,0.000299101,620.5,424.5,287,24,19.5,45,0.035,14.5,0.5,0,6,0,0,0,0,0,0,0,0,6238.5,0,0,0,0,0,9,0,0,0,0,0,0,7,7,0,0,0,0,0,0,0,0,0,0,0.28,0.18,0.07,256,0,0,0,2,1500,65536,1500,1000,1000,1000,0,0,1,0,1,1,13,4,6,0,0,0,4,256,0,0,24576,1048576,0,360,5,Benign
03/12/2023 09:22:09,1,0,0,0,0,0,0.005,0,1.005,0,0,0,0,0,0,0,1.005,0,0,0,0,0,0,0,0.96,0,0,0,0,0,0.01,0.035,0,0,0,0,0,0,0,0,0,12506.5,7731.5,0,12506.5,0,0,7.5,10,0,7.5,0,0,0,0,0,0,0,0,0,0,0,0,0,0,0,0,0,0,0,0,0,0,0,0,0,0,0,0,0,0,0,0,0,0,0,0,0,0,0,0.007762231,0.002687583,0.003068926,0.047248231,0.001572342,8.22E-05,0.000147991,0.000675305,566.5,379.5,234,22,18.5,83,0.035,10.5,0,0.5,6,0,0,0,0,0,0,0,0,6106,0,0,0,0,0,7,0,0,0,0,0,0,7,7,0,0,0,0,0,0,0,0,0,0,0.28,0.18,0.07,256,0,0,0,2,1500,65536,1500,1000,1000,1000,0,0,1,0,1,1,13,4,6,0,0,0,4,256,0,0,24576,1048576,0,359,5,Benign
03/12/2023 09:22:11,0.985,0,0,0,0,0,0.005,0,0.99,0,0,0,0,0,0.005,0,0.94,0,0,0,0,0,0.015,0.04,0.96,0,0,0,0,0,0.01,0.015,0,0,0,0,0,0,0,0,0,12551.5,1351,0,12551.5,0,0,8,6,0,8,0,0,0,0,0,0,0,0,0,0,0,0,0,0,0,0,0,0,0,0,0,0,0,0,0,0,0,0,0,0,0,0,0,0,0,0,0,0,0,0.007260288,0.002785057,0.050827999,0.028293925,0.002011749,0.000404194,0.000509536,0.000898954,468,324.5,80.5,62,18,105,0.08,7,1,2.5,4,0,0,0,0,0,0,0,0,645.5,0,0,0,0,0,3,0,0,0,0,0,0,8.5,8.5,0,0,0,0,0,0,0,0,0,0,0.28,0.18,0.07,256,0,0,0,2,1500,65536,1500,1000,1000,1000,0,0,1,0,1,1,13,4,6,0,0,0,4,256,0,0,24576,1048576,0,360,5,Benign
03/12/2023 09:22:13,0.985,0,0,0,0,0,0,0.005,0.99,0,0,0,0,0,0,0,0.99,0,0,0,0,0,0,0,0.965,0,0,0,0,0,0.01,0.015,0,0,0,0,0,0,0,0,0,12472,0,0,12472,0,0,7,0,0,7,0,0,0,0,0,0,0,0,0,0,0,0,0,0,0,0,0,0,0,0,0,0,0,0,0,0,0,0,0,0,0,0,0,0,0,0,0,0,0,0.002998164,0.000621036,0.002644195,0.031695938,2.34E-05,5.13E-05,3.11E-05,0.000483715,331.5,193.5,62.5,14.5,12.5,94,0.04,0,0.5,0.5,6,0,0,0,0,0,0,0,0,0,0,0,0,0,0,0,0,0,0,0,0,0,7,7,0,0,0,0,0,0,0,0,0,0,0.26,0.17,0.07,256,0,0,0,2,1500,65536,1500,1000,1000,1000,0,0,1,0,1,1,13,4,6,0,0,0,4,256,0,0,24576,1048576,0,360,5,Benign
03/12/2023 09:22:14,0.995,0,0,0,0,0,0,0.005,1,0,0,0,0,0,0,0,1,0,0,0,0,0,0,0,0.965,0,0,0,0,0,0.02,0.015,0,0,0,0,0,0,0,0,0,12463,0,0,12463,0,0,7,0,0,7,0,0,0,0,0,0,0,0,0,0,0,0,0,0,0,0,0,0,0,0,0,0,0,0,0,0,0,0,0,0,0,0,0,0,0,0,0,0,0,0.003488288,0.002516814,0.000681528,0.034626864,3.07E-05,3.58E-05,7.00E-05,0.000723918,348.5,202,72.5,18.5,16.5,96,0.035,0.5,0,0.5,6,0,0,0,0,0,0,0,0,0,0,0,0,0,0,0,0,0,0,0,0,0,7,7,0,0,0,0,0,0,0,0,0,0,0.26,0.17,0.07,256,0,0,0,2,1500,65536,1500,1000,1000,1000,0,0,1,0,1,1,13,4,6,0,0,0,4,256,0,0,24576,1048576,0,359,5,Benign
03/12/2023 09:22:15,1,0,0,0,0.005,0,0,0,1,0,0,0,0,0,0,0,1,0,0,0,0,0,0,0,0.965,0,0,0,0,0,0.02,0.015,0,0,0,0,0,0,0,0,0,12470,2377,0,12470,0,0,7,7.5,0,7,0,0,0,0,0,0,0,0,0,0,0,0,0,0,0,0,0,0,0,0,0,0,0,0,0,0,0,0,0,0,0,0,0,0,0,0,0,0,0,0.002794978,0.002870452,0.002491759,0.03566015,0.000573788,4.89E-05,6.76E-05,0.000584436,446.5,294,162,21,17.5,89,0.035,8,0.5,0,6,0,0,0,0,0,0,0,0,1671.5,0,0,0,0,0,3,0,0,0,0,0,0,7,7,0,0,0,0,0,0,0,0,0,0,0.26,0.17,0.07,256,0,0,0,2,1500,65536,1500,1000,1000,1000,0,0,1,0,1,1,13,4,6,0,0,0,4,256,0,0,24576,1048576,0,359,5,Benign
03/12/2023 09:22:19,0.99,0,0,0,0,0,0.005,0,1,0,0,0,0,0,0,0.005,0.995,0,0,0,0,0,0,0.005,0.965,0,0,0,0,0,0.005,0.025,0,0,0,0,0,0,0,0,0,12466,4471,0,12466,27,0,7,19.5,0,7,0.5,0,0,0,0,0,0,0,0,0,0,0,0,0,0,0,0,0,0,0,0,0,0,0,0,0,0,0,0,0,0,0,0,0,0,0,0,0,0,0.005337771,0.002470148,0.003336491,0.03684755,0.001797918,3.22E-05,4.35E-05,0.000440805,700.5,488.5,254,11.5,72,113,0.035,20,0,0.5,6,0,0,0,0,0,0,0,0,2354.5,20,0,0,0,0,9,0,0,0,0,0,0,7.5,7.5,0,0,0,0,0,0,0,0,0,0,0.24,0.17,0.07,256,0,0,0,2,1500,65536,1500,1000,1000,1000,0,0,1,0,1,1,13,4,6,0,0,0,4,256,0,0,24576,1048576,0,360,5,Benign
03/12/2023 09:22:21,0.995,0,0,0,0,0,0.005,0.01,0.98,0,0,0,0,0,0.005,0.02,1.005,0.005,0,0,0,0,0,0,0.985,0,0,0,0,0,0.005,0.015,0,0,0,0,0,0,0,0,0,18375.5,1693,0,18375.5,0,0,10.5,6.5,0,10.5,0,0,0,0,0,0,0,0,0,0,0,0,0,0,0,0,0,0,0,0,0,0,0,0,0,0,0,0,0,0,0,0,0,0,0,0,0,0,0,0.0122305,0.027036657,0.001505211,0.019685483,0.003131276,0.001349011,0.000110445,0.002908806,518.5,325.5,125.5,55,90.5,53.5,0.035,9.5,4,0,3.5,0,0,0,0,0,0,0,0,987.5,0,0,0,0,0,3,0,0,0,0,0,0,10.5,10.5,0,0,0,0,0,0,0,0,0,0,0.24,0.17,0.07,256,0,0,0,2,1500,65536,1500,1000,1000,1000,0,0,1,0,1,1,13,4,6,0,0,0,4,256,0,0,24576,1048576,0,359,5,Benign
03/12/2023 09:22:25,0.99,0,0,0,0,0,0,0,0.98,0,0,0,0,0,0,0.015,0.985,0,0,0,0,0,0,0.005,0.98,0,0,0,0,0,0,0.015,0,0,0,0,0,0,0,0,0,12469,1432,0,12469,0,0,7,7,0,7,0,0,0,0,0,0,0,0,0,0,0,0,0,0,0,0,0,0,0,0,0,0,0,0,0,0,0,0,0,0,0,0,0,0,0,0,0,0,0,0.002607067,0.023810176,0.005787898,0.019612841,0.000815268,0.000356465,0.001520675,0.00056225,489,295,74,23.5,103.5,97,0.035,7.5,3,0,3.5,0,0,0,0,0,0,0,0,681,0,0,0,0,0,3.5,0,0,0,0,0,0,7,7,0,0,0,0,0,0,0,0,0,0,0.22,0.17,0.07,256,0,0,0,2,1500,65536,1500,1000,1000,1000,0,0,1,0,1,1,13,4,6,0,0,0,4,256,0,0,24576,1048576,0,360,5,Benign
03/12/2023 09:22:35,0.99,0,0,0,0,0,0.005,0,0.99,0,0,0,0,0,0,0.005,0.955,0,0,0,0,0,0.02,0.025,0.975,0,0,0,0,0,0.01,0.01,0,0,0,0,0,0,0,0,0,18469.5,1598.5,0,18469.5,0,0,11.5,9.5,0,11.5,0,0,0,0,0,0,0,0,0,0,0,0,0,0,0,0,0,0,0,0,0,0,0,0,0,0,0,0,0,0,0,0,0,0,0,0,0,0,0,0.011159095,0.008344319,0.041835703,0.023826269,0.002592501,1.19E-05,0.003308843,0.000706454,762.5,522,124.5,143.5,94,48,0.06,9,0,4,8,0,0,0,0,0,0,0,0,817,0,0,0,0,0,5.5,0,0,0,0,0,0,11.5,11.5,0,0,0,0,0,0,0,0,0,0,0.18,0.16,0.07,256,0,0,0,2,1500,65536,1500,1000,1000,1000,0,0,1,0,1,1,13,4,6,0,0,0,4,256,0,0,24576,1048576,0,360,5,Benign
03/12/2023 09:22:38,0.985,0,0,0,0,0,0.01,0.005,0.99,0,0,0,0,0,0,0.005,0.975,0,0,0,0,0,0.005,0.015,0.985,0,0,0,0,0,0,0.01,0,0,0,0,0,0,0,0,0,12478,11234.5,0,12478,0,0,7,23,0,7,0,0,0,0,0,0,0,0,0,0,0,0,0,0,0,0,0,0,0,0,0,0,0,0,0,0,0,0,0,0,0,0,0,0,0,0,0,0,0,0.010498036,0.002804111,0.018196185,0.011635936,0.002667483,0.000128722,0.001333695,0.00021163,826.5,590.5,323,57,97,27,0.035,22,0,5,3,0,0,0,0,0,0,0,0,8630,0,0,0,0,0,14.5,0,0,0,0,0,0,7,7,0,0,0,0,0,0,0,0,0,0,0.17,0.16,0.07,256,0,0,0,2,1500,65536,1500,1000,1000,1000,0,0,1,0,1,1,13,4,6,0,0,0,4,256,0,0,24576,1048576,0,360,5,Benign
03/12/2023 09:22:40,1,0,0,0,0,0,0.01,0.005,1.01,0,0,0,0,0,0,0,0.99,0,0,0,0,0,0.01,0.01,0.98,0,0,0,0,0,0.015,0.02,0,0,0,0,0,0,0,0,0,12478,5575.5,0,12478,0,0,7,12,0,7,0,0,0,0,0,0,0,0,0,0,0,0,0,0,0,0,0,0,0,0,0,0,0,0,0,0,0,0,0,0,0,0,0,0,0,0,0,0,0,0.011611673,0.003009852,0.022615666,0.031661943,0.004045741,8.43E-06,0.002187954,0.000682918,592,405.5,252.5,7,146,35.5,0.035,12.5,0.5,3,3,0,0,0,0,0,0,0,0,4554.5,0,0,0,0,0,7,0,0,0,0,0,0,7.5,7.5,0,0,0,0,0,0,0,0,0,0,0.17,0.16,0.07,256,0,0,0,2,1500,65536,1500,1000,1000,1000,0,0,1,0,1,1,13,4,6,0,0,0,4,256,0,0,24576,1048576,0,359,5,Benign
03/12/2023 09:22:44,0.99,0,0,0,0,0,0,0,0.99,0,0,0,0,0,0,0,0.995,0,0,0,0,0,0,0,0.965,0,0,0,0,0,0.005,0.02,0,0,0,0,0,0,0,0,0,12483,342,0,12483,0,0,7,0.5,0,7,0,0,0,0,0,0,0,0,0,0,0,0,0,0,0,0,0,0,0,0,0,0,0,0,0,0,0,0,0,0,0,0,0,0,0,0,0,0,0,0.005154944,0.005110053,0.00098496,0.037315334,0.00029776,0.001989055,4.16E-05,0.000328832,318.5,184.5,18,68.5,67,52,0.035,0.5,0.5,0.5,6,0,0,0,0,0,0,0,0,342,0,0,0,0,0,0,0,0,0,0,0,0,7,7,0,0,0,0,0,0,0,0,0,0,0.15,0.15,0.07,256,0,0,0,2,1500,65536,1500,1000,1000,1000,0,0,1,0,1,1,13,4,6,0,0,0,4,256,0,0,24576,1048576,0,360,5,Benign
03/12/2023 09:22:47,0.98,0,0,0,0,0,0.01,0.005,0.99,0,0,0,0,0,0,0.005,0.985,0.005,0,0,0,0,0.005,0.005,0.94,0,0,0,0,0,0.02,0.045,0,0,0,0,0,0,0,0,0,12558,1351,0,12558,0,0,8,6,0,8,0,0,0,0,0,0,0,0,0,0,0,0,0,0,0,0,0,0,0,0,0,0,0,0,0,0,0,0,0,0,0,0,0,0,0,0,0,0,0,0.011792632,0.006231,0.006358482,0.059766749,0.002173666,5.33E-05,0.000402509,0.000222213,649,438.5,251.5,19.5,94,11.5,0.065,7,0,1,6,0,0,0,0,0,0,0,0,645.5,0,0,0,0,0,3,0,0,0,0,0,0,8,8,0,0,0,0,0,0,0,0,0,0,0.15,0.15,0.07,256,0,0,0,2,1500,65536,1500,1000,1000,1000,0,0,1,0,1,1,13,4,0,0,0,0,4,256,0,0,0,1048576,0,359,5,Benign
03/12/2023 09:22:49,0.99,0,0,0,0,0,0,0,0.985,0,0,0,0,0,0,0.005,0.985,0,0,0,0,0,0,0.005,0.965,0,0,0,0,0,0.005,0.02,0,0,0,0,0,0,0,0,0,12478.5,5459,0,12478.5,0,0,7,20.5,0,7,0,0,0,0,0,0,0,0,0,0,0,0,0,0,0,0,0,0,0,0,0,0,0,0,0,0,0,0,0,0,0,0,0,0,0,0,0,0,0,0.004788302,0.006942628,0.008427231,0.032381324,0.001357348,0.000894362,0.001651612,0.000229156,770,517,268.5,59,122.5,21,0.035,21,0,0.5,6,0,0,0,0,0,0,0,0,3342.5,0,0,0,0,0,9,0,0,0,0,0,0,7,7,0,0,0,0,0,0,0,0,0,0,0.14,0.15,0.06,256,0,0,0,2,1500,65536,1500,1000,1000,1000,0,0,1,0,1,1,13,4,0,0,0,0,4,256,0,0,0,1048576,0,359,5,Benign
03/12/2023 09:22:54,0.98,0,0,0,0,0,0,0,0.97,0,0,0,0,0,0,0.005,0.955,0,0,0,0,0,0.005,0.02,0.96,0,0,0,0,0,0.005,0.015,0,0,0,0,0,0,0,0,0,12556.5,1304,0,12556.5,0,0,8,2.5,0,8,0,0,0,0,0,0,0,0,0,0,0,0,0,0,0,0,0,0,0,0,0,0,0,0,0,0,0,0,0,0,0,0,0,0,0,0,0,0,0,0.003161388,0.011309296,0.024386665,0.021832507,0.000290269,0.000125862,0.000352166,0.001471834,447.5,271.5,128,18,16,124,0.07,2.5,1,2.5,4,0,0,0,0,0,0,0,0,1020,0,0,0,0,0,1,0,0,0,0,0,0,8,8,0,0,0,0,0,0,0,0,0,0,0.13,0.15,0.06,256,0,0,0,2,1500,65536,1500,1000,1000,1000,0,0,1,0,1,1,13,4,0,0,0,0,4,256,0,0,0,1048576,0,360,5,Benign
03/12/2023 09:22:56,0.985,0,0,0,0,0,0.005,0.005,0.97,0,0,0,0,0,0.01,0.015,0.995,0,0,0,0,0,0,0,0.99,0,0,0,0,0,0,0.005,0,0,0,0,0,0,0,0,0,12481.5,2121.5,0,12481.5,23,0,7,17,0,7,0.5,0,0,0,0,0,0,0,0,0,0,0,0,0,0,0,0,0,0,0,0,0,0,0,0,0,0,0,0,0,0,0,0,0,0,0,0,0,0,0.009905817,0.026127454,0.000455056,0.006206871,0.003744305,0.000283591,5.48E-06,0.00072213,707.5,472,325.5,36.5,13,156.5,0.03,17,7,0.5,0,0,0,0,0,0,0,0,0,1030,16,0,0,0,0,5,0,0,0,0,0,0,7,7,0,0,0,0,0,0,0,0,0,0,0.13,0.15,0.06,256,0,0,0,2,1500,65536,1500,1000,1000,1000,0,0,1,0,1,1,13,4,0,0,0,0,4,256,0,0,0,1048576,0,359,5,Benign
03/12/2023 09:23:00,0.995,0,0,0,0,0,0.005,0,0.955,0,0,0,0,0,0.015,0.02,0.975,0,0,0,0,0,0.005,0.01,0.945,0,0,0,0,0,0.02,0.03,0,0,0,0,0,0,0,0,0,12610,1389,0,12610,0,0,8.5,6.5,0,8.5,0,0,0,0,0,0,0,0,0,0,0,0,0,0,0,0,0,0,0,0,0,0,0,0,0,0,0,0,0,0,0,0,0,0,0,0,0,0,0,0.001511515,0.0323375,0.018872781,0.051329981,7.42E-05,0.000453501,0.002991499,0.00013625,521,382,21.5,57.5,285.5,8.5,0.09,1,9.5,1.5,3,0,0,0,0,0,0,0,0,683.5,0,0,0,0,0,3,0,0,0,0,0,0,8,8,0,0,0,0,0,0,0,0,0,0,0.12,0.15,0.06,256,0,0,0,2,1500,65536,1500,1000,1000,1000,0,0,1,0,1,1,13,4,0,0,0,0,4,256,0,0,0,1048576,0,360,5,Benign
03/12/2023 09:23:04,1,0,0,0,0,0,0,0,1.005,0,0,0,0,0,0,0,0.995,0.005,0,0,0,0,0.005,0.005,0.96,0,0,0,0,0,0.01,0.03,0,0,0,0,0,0,0,0,0,12465.5,4256,0,12465.5,0,0,7,19,0,7,0,0,0,0,0,0,0,0,0,0,0,0,0,0,0,0,0,0,0,0,0,0,0,0,0,0,0,0,0,0,0,0,0,0,0,0,0,0,0,0.005954538,0.003080159,0.008512409,0.040980185,0.00171325,0.000153648,0.000394889,0.000590527,704,506,252,51,163,43,0.04,19,0.5,0.5,6,0,0,0,0,0,0,0,0,2139.5,0,0,0,0,0,9,0,0,0,0,0,0,7,7,0,0,0,0,0,0,0,0,0,0,0.11,0.14,0.06,256,0,0,0,2,1500,65536,1500,1000,1000,1000,0,0,1,0,1,1,13,4,0,0,0,0,4,256,0,0,0,1048576,0,359,5,Benign
03/12/2023 09:23:07,0.985,0,0,0,0,0,0.005,0,0.99,0,0,0,0,0,0,0.005,0.98,0,0,0,0,0,0,0.01,0.91,0,0,0,0,0,0.02,0.055,0,0,0,0,0,0,0,0,0,12606,3412.5,0,12606,0,0,8.5,15.5,0,8.5,0,0,0,0,0,0,0,0,0,0,0,0,0,0,0,0,0,0,0,0,0,0,0,0,0,0,0,0,0,0,0,0,0,0,0,0,0,0,0,0.008785108,0.004851422,0.012100546,0.083857407,0.004074547,0.001493693,0.000176879,0.000853093,577,430.5,159,111.5,97,43.5,0.095,15.5,2.5,0,6,0,0,0,0,0,0,0,0,2001.5,0,0,0,0,0,6,0,0,0,0,0,0,8,8,0,0,0,0,0,0,0,0,0,0,0.11,0.14,0.06,256,0,0,0,2,1500,65536,1500,1000,1000,1000,0,0,1,0,1,1,13,4,0,0,0,0,4,256,0,0,0,1048576,0,359,5,Benign
03/12/2023 09:23:10,0.965,0,0,0,0,0,0.01,0.02,0.995,0,0,0,0,0,0,0,0.99,0,0,0,0,0,0,0,0.995,0,0,0,0,0,0.005,0.005,0,0,0,0,0,0,0,0,0,12476.5,6602.5,0,12476.5,0,0,7,14,0,7,0,0,0,0,0,0,0,0,0,0,0,0,0,0,0,0,0,0,0,0,0,0,0,0,0,0,0,0,0,0,0,0,0,0,0,0,0,0,0,0.036092076,0.000179417,0.004019567,0.004317741,0.001440751,9.23E-06,0.000662831,4.81E-05,574,395.5,194.5,11.5,166.5,19.5,0.035,20,0,1,0,0,0,0,0,0,0,0,0,4678,0,0,0,0,0,9,0,0,0,0,0,0,7,7,0,0,0,0,0,0,0,0,0,0,0.1,0.14,0.06,256,0,0,0,2,1500,65536,1500,1000,1000,1000,0,0,1,0,1,1,13,4,0,0,0,0,4,256,0,0,0,1048576,0,359,5,Benign
03/12/2023 09:23:12,0.965,0,0,0,0.005,0,0,0.03,1,0,0,0,0,0,0.005,0.005,0.99,0,0,0,0,0,0,0.005,1.005,0,0,0,0,0,0,0,0,0,0,0,0,0,0,0,0,12479.5,2870,0,12479.5,0,0,7,9,0,7,0,0,0,0,0,0,0,0,0,0,0,0,0,0,0,0,0,0,0,0,0,0,0,0,0,0,0,0,0,0,0,0,0,0,0,0,0,0,0,0.036645861,0.004025519,0.01139762,0.001696973,0.002868289,0.000137695,0.004645528,2.30E-05,578,355,243,16.5,118,22,0.035,15,0.5,0.5,0,0,0,0,0,0,0,0,0,2433,0,0,0,0,0,7.5,0,0,0,0,0,0,7.5,7.5,0,0,0,0,0,0,0,0,0,0,0.1,0.14,0.06,256,0,0,0,2,1500,65536,1500,1000,1000,1000,0,0,1,0,1,1,13,4,0,0,0,0,4,256,0,0,0,1048576,0,359,5,Benign
03/12/2023 09:23:30,0.995,0,0,0,0,0,0.005,0,0.975,0,0,0,0,0,0.01,0.015,0.995,0.005,0,0,0,0,0,0.005,0.995,0,0,0,0,0,0.005,0,0,0,0,0,0,0,0,0,0,12475.5,1749,0,12475.5,0,0,7,9,0,7,0,0,0,0,0,0,0,0,0,0,0,0,0,0,0,0,0,0,0,0,0,0,0,0,0,0,0,0,0,0,0,0,0,0,0,0,0,0,0,0.004090222,0.033423601,0.004156108,0.00357378,0.001076503,0.000432964,8.95E-05,3.74E-05,608.5,394.5,149,13.5,111,66,0.035,9.5,6,0.5,0,0,0,0,0,0,0,0,0,1043.5,0,0,0,0,0,4.5,0,0,0,0,0,0,7,7,0,0,0,0,0,0,0,0,0,0,0.07,0.13,0.06,256,0,0,0,2,1500,65536,1500,1000,1000,1000,0,0,1,0,1,1,13,4,0,0,0,0,4,256,0,0,0,1048576,0,360,5,Benign
03/12/2023 09:24:00,0.955,0,0,0,0,0,0.01,0.015,0.955,0,0,0,0,0,0.005,0.015,0.98,0,0,0,0,0,0,0,0.98,0,0,0,0,0,0,0,0,0,0,0,0,0,0,0,0,12547.5,1389,0,12547.5,0,0,8,6.5,0,8,0,0,0,0,0,0,0,0,0,0,0,0,0,0,0,0,0,0,0,0,0,0,0,0,0,0,0,0,0,0,0,0,0,0,0,0,0,0,0,0.024032528,0.034790555,0.002746613,0.000875621,0.001497733,0.000999656,0.0001145,3.61E-05,531,334,97,257,19.5,8.5,0.06,10,3,0,1,0,0,0,0,0,0,0,0,683.5,0,0,0,0,0,3,0,0,0,0,0,0,8,8,0,0,0,0,0,0,0,0,0,0,0.04,0.12,0.06,256,0,0,0,2,1500,65536,1500,1000,1000,1000,0,0,1,0,1,1,13,4,0,0,0,0,4,256,0,0,0,1048576,0,359,5,Benign
03/12/2023 09:24:04,0.97,0,0,0,0,0,0.005,0.01,0.96,0,0,0,0,0,0.01,0.025,0.99,0.005,0,0,0,0,0,0,0.99,0,0,0,0,0,0,0.005,0,0,0,0,0,0,0,0,0,12487.5,11448,0,12487.5,0,0,7,27,0,7,0,0,0,0,0,0,0,0,0,0,0,0,0,0,0,0,0,0,0,0,0,0,0,0,0,0,0,0,0,0,0,0,0,0,0,0,0,0,0,0.019083336,0.033529711,0.001676746,0.003608528,0.004701957,0.001181093,0.000100388,0.000811434,941.5,700,379,153.5,76,44,0.04,27.5,6,0,1,0,0,0,0,0,0,0,0,8247.5,0,0,0,0,0,16.5,0,0,0,0,0,0,7,7,0,0,0,0,0,0,0,0,0,0,0.04,0.11,0.06,256,0,0,0,2,1500,65536,1500,1000,1000,1000,0,0,1,0,1,1,13,4,0,0,0,0,4,256,0,0,0,1048576,0,359,5,Benign
03/12/2023 09:24:10,0.975,0,0,0,0,0,0,0,0.925,0,0,0,0,0,0.015,0.035,0.98,0,0,0,0,0,0,0,0.97,0,0,0,0,0,0.005,0,0,0,0,0,0,0,0,0,0,12574.5,1389,0,12574.5,0,0,8,6.5,0,8,0,0,0,0,0,0,0,0,0,0,0,0,0,0,0,0,0,0,0,0,0,0,0,0,0,0,0,0,0,0,0,0,0,0,0,0,0,0,0,0.011016072,0.071881211,0.000981369,0.010042206,0.0033025,0.00206989,8.87E-05,0.00406223,567.5,380.5,59,53,12,209,0.07,6.5,7,1,0,0,0,0,0,0,0,0,0,683.5,0,0,0,0,0,3,0,0,0,0,0,0,8,8,0,0,0,0,0,0,0,0,0,0,0.04,0.11,0.06,256,0,0,0,2,1500,65536,1500,1000,1000,1000,0,0,1,0,1,1,13,4,0,0,0,0,4,256,0,0,0,1048576,0,359,5,Benign
03/12/2023 09:24:27,0.995,0,0,0,0,0,0,0.005,1,0,0,0,0,0,0,0,0.965,0,0,0,0,0,0.015,0.025,1,0,0,0,0,0,0,0,0,0,0,0,0,0,0,0,0,12465,0,0,12465,0,0,7,0,0,7,0,0,0,0,0,0,0,0,0,0,0,0,0,0,0,0,0,0,0,0,0,0,0,0,0,0,0,0,0,0,0,0,0,0,0,0,0,0,0,0.004953018,0.001195026,0.032861871,0.001040863,0.000270751,0.000115435,0.000478314,3.70E-05,387.5,214.5,8.5,71,30.5,69.5,0.035,0,0.5,6,0.5,0,0,0,0,0,0,0,0,0,0,0,0,0,0,0,0,0,0,0,0,0,7,7,0,0,0,0,0,0,0,0,0,0,0.03,0.11,0.06,256,0,0,0,2,1500,65536,1500,1000,1000,1000,0,0,1,0,1,1,13,4,0,0,0,0,4,256,0,0,0,1048576,0,359,5,Benign
03/12/2023 09:24:47,1,0,0,0,0,0,0.01,0.005,1.005,0,0,0,0,0,0,0,1.005,0,0,0,0,0,0,0,0.97,0,0,0,0.005,0,0.02,0.025,0,0,0,0,0,0,0,0,0,12511.5,1513,0,12511.5,0,0,7.5,8,0,7.5,0,0,0,0,0,0,0,0,0,0,0,0,0,0,0,0,0,0,0,0,0,0,0,0,0,0,0,0,0,0,0,0,0,0,0,0,0,0,0,0.010017278,0.00367003,0.00327403,0.045057926,0.002277381,0.00024821,0.000225732,0.000530749,606,429.5,162,163.5,34.5,18.5,0.035,8,0,0.5,6.5,0,0,0,0,0,0,0,0,716.5,0,0,0,0,0,4,0,0,0,0,0,0,7,7,0,0,0,0,0,0,0,0,0,0,0.02,0.1,0.05,256,0,0,0,2,1500,65536,1500,1000,1000,1000,0,0,1,0,1,1,13,4,0,0,0,0,4,256,0,0,0,1048576,0,359,5,Benign
03/12/2023 09:25:03,0.98,0.005,0,0,0,0,0.005,0,0.94,0,0,0,0,0,0.015,0.04,0.98,0,0,0,0,0,0.005,0.005,0.985,0,0,0,0,0,0.005,0.005,0,0,0,0,0,0,0,0,0,12528.5,14803.5,0,12528.5,0,0,7.5,43.5,0,7.5,0,0,0,0,0,0,0,0,0,0,0,0,0,0,0,0,0,0,0,0,0,0,0,0,0,0,0,0,0,0,0,0,0,0,0,0,0,0,0,0.0116243,0.051130704,0.010553594,0.007917213,0.003503285,0.000375221,0.003539713,0.000139038,1148,900.5,528,31,224.5,79.5,0.06,43.5,6,1.5,0,0,0,0,0,0,0,0,0,10495.5,0,0,0,0,0,29,0,0,0,0,0,0,7.5,7.5,0,0,0,0,0,0,0,0,0,0,0.01,0.09,0.05,256,0,0,0,2,1500,65536,1500,1000,1000,1000,0,0,1,0,1,1,13,4,0,0,0,0,4,256,0,0,0,1048576,0,359,5,Benign
03/12/2023 09:25:19,0.98,0.005,0,0,0.005,0,0.005,0.005,0.99,0,0,0,0,0,0,0,0.99,0,0,0,0,0,0,0,0.965,0,0,0,0,0,0.015,0.02,0,0,0,0,0,0,0,0,0,12473.5,8633,0,12473.5,27,0,7,84.5,0,7,0.5,0,0,0,0,0,0,0,0,0,0,0,0,0,0,0,0,0,0,0,0,0,0,0,0,0,0,0,0,0,0,0,0,0,0,0,0,0,0,0.012967772,0.009591813,0.001715815,0.034999945,0.001552566,0.000350769,1.67E-05,0.000256612,1715,1835.5,325,503,16,106.5,0.03,10,74.5,0.5,6.5,0,0,0,0,0,0,0,0,5604.5,20,0,0,0,0,58.5,0,0,0,0,0,0,7.5,7.5,0,0,0,0,0,0,0,0,0,0,0.01,0.09,0.05,256,0,0,0,2,1500,65536,1500,1000,1000,1000,0,0,1,0,1,1,13,4,0,0,0,0,4,256,0,0,0,1048576,0,360,5,Benign
03/12/2023 09:25:50,0.985,0,0,0,0.005,0,0,0.005,0.98,0,0,0,0,0,0,0.005,0.985,0,0,0,0,0,0.005,0.005,0.935,0,0,0,0,0,0.015,0.04,0,0,0,0,0,0,0,0,0,18457,1389,0,18457,0,0,11.5,6.5,0,11.5,0,0,0,0,0,0,0,0,0,0,0,0,0,0,0,0,0,0,0,0,0,0,0,0,0,0,0,0,0,0,0,0,0,0,0,0,0,0,0,0.008352761,0.01158831,0.008785823,0.059712601,0.002088009,0.003611668,0.000608027,0.000679472,605.5,417,69,151.5,90.5,19.5,0.065,7,4,2,5,0,0,0,0,0,0,0,0,683.5,0,0,0,0,0,3,0,0,0,0,0,0,11.5,11.5,0,0,0,0,0,0,0,0,0,0,0,0.08,0.05,256,0,0,0,2,1500,65536,1500,1000,1000,1000,0,0,1,0,1,1,13,4,0,0,0,0,4,256,0,0,0,1048576,0,360,5,Benign
03/12/2023 09:26:28,0.91,0,0,0,0,0,0.03,0.045,0.985,0,0,0,0,0,0,0,0.98,0,0,0,0,0,0.005,0,0.98,0,0,0,0,0,0.005,0,0,0,0,0,0,0,0,0,0,12552.5,0,0,12552.5,0,0,8,0,0,8,0,0,0,0,0,0,0,0,0,0,0,0,0,0,0,0,0,0,0,0,0,0,0,0,0,0,0,0,0,0,0,0,0,0,0,0,0,0,0,0.066241851,0.001539267,0.005652814,0.003234544,0.000270833,0.000122814,4.44E-05,0.000268416,423.5,267,11.5,70,13.5,107.5,0.09,6,1,0,1,0,0,0,0,0,0,0,0,0,0,0,0,0,0,0,0,0,0,0,0,0,8,8,0,0,0,0,0,0,0,0,0,0,0,0.07,0.04,256,0,0,0,2,1500,65536,1500,1000,1000,1000,0,0,1,0,1,1,13,4,0,0,0,0,4,256,0,0,0,1048576,0,360,5,Benign
03/12/2023 09:27:04,0.97,0,0,0,0,0,0.015,0.005,0.975,0,0,0,0,0,0.01,0.015,0.995,0,0,0,0,0,0,0.005,0.99,0,0,0,0,0,0.005,0.005,0,0,0,0,0,0,0,0,0,12460.5,4526.5,0,12460.5,0,0,7,23.5,0,7,0,0,0,0,0,0,0,0,0,0,0,0,0,0,0,0,0,0,0,0,0,0,0,0,0,0,0,0,0,0,0,0,0,0,0,0,0,0,0,0.025634565,0.019971598,0.002563536,0.003958963,0.003345939,0.001758528,2.49E-05,9.93E-05,891,629,483.5,51,13.5,33,0.035,26,3.5,0,0.5,0,0,0,0,0,0,0,0,2232.5,0,0,0,0,0,10.5,0,0,0,0,0,0,7,7,0,0,0,0,0,0,0,0,0,0,0,0.06,0.04,256,0,0,0,2,1500,65536,1500,1000,1000,1000,0,0,1,0,1,1,13,4,0,0,0,0,4,0,0,0,0,0,0,359,5,Benign
03/12/2023 09:27:10,0.97,0.005,0,0,0,0,0.01,0.02,1.005,0,0,0,0,0,0,0,1.005,0,0,0,0,0,0,0,0.995,0,0,0,0,0,0.005,0.01,0,0,0,0,0,0,0,0,0,12456,2055.5,0,12456,0,0,7,9,0,7,0,0,0,0,0,0,0,0,0,0,0,0,0,0,0,0,0,0,0,0,0,0,0,0,0,0,0,0,0,0,0,0,0,0,0,0,0,0,0,0.033044968,0.002620526,0.000278823,0.006392835,0.00174861,0.002513426,7.41E-05,0.000406584,464.5,320,189,13.5,11,84,0.035,15.5,0.5,0,0,0,0,0,0,0,0,0,0,1046,0,0,0,0,0,4,0,0,0,0,0,0,7,7,0,0,0,0,0,0,0,0,0,0,0,0.06,0.04,256,0,0,0,2,1500,65536,1500,1000,1000,1000,0,0,1,0,1,1,13,4,0,0,0,0,4,0,0,0,0,0,0,360,5,Benign
03/12/2023 09:27:25,0.985,0,0,0,0,0,0,0.005,0.965,0,0,0,0,0,0.01,0.02,0.995,0,0,0,0,0,0,0,0.965,0,0,0,0,0,0.015,0.02,0,0,0,0,0,0,0,0,0,12547.5,1483,0,12547.5,0,0,8,8,0,8,0,0,0,0,0,0,0,0,0,0,0,0,0,0,0,0,0,0,0,0,0,0,0,0,0,0,0,0,0,0,0,0,0,0,0,0,0,0.5,0,0.008166555,0.030828011,0.000326806,0.02983359,0.00223649,0.000426352,5.16E-05,0.004827036,539.5,359.5,107.5,58.5,9.5,124.5,0.06,8,0,0,8,0,0,0,0,0,0,0,0,701.5,0,0,0,0,0,4,0,0,0,0,0,0,8,8,0,0,0,0,0,0,0,0,0,0,0,0.05,0.04,256,0,0,0,2,1500,65536,1500,1000,1000,1000,0,0,1,0,1,1,13,4,0,0,0,0,4,0,0,0,0,0,0,360,5,Benign
03/12/2023 09:27:42,1,0,0,0,0,0,0,0,0.985,0,0,0,0,0,0,0.01,0.995,0,0,0,0,0,0.005,0,0.98,0,0,0,0,0,0,0.02,0,0,0,0,0,0,0,0,0,12467,849,0,12467,0,0,7,6.5,0,7,0,0,0,0,0,0,0,0,0,0,0,0,0,0,0,0,0,0,0,0,0,0,0,0,0,0,0,0,0,0,0,0,0,0,0,0,0,0,0,0.002735935,0.017027104,0.007529658,0.02610789,0.001390033,0.002974063,0.005951546,0.001435039,472,310.5,76,35.5,45.5,166,0.035,6.5,3,0.5,3.5,0,0,0,0,0,0,0,0,207.5,0,0,0,0,0,1,0,0,0,0,0,0,7,7,0,0,0,0,0,0,0,0,0,0,0,0.05,0.04,256,0,0,0,2,1500,65536,1500,1000,1000,1000,0,0,1,0,1,1,13,4,0,0,0,0,4,0,0,0,0,0,0,359,5,Benign
03/12/2023 09:27:43,1.005,0,0,0,0,0,0,0,0.98,0,0,0,0,0,0.005,0.015,1,0,0,0,0,0,0.005,0,0.955,0,0,0,0,0,0.015,0.04,0,0,0,0,0,0,0,0,0,12540,565.5,0,12540,0,0,8,3,0,8,0,0,0,0,0,0,0,0,0,0,0,0,0,0,0,0,0,0,0,0,0,0,0,0,0,0,0,0,0,0,0,0,0,0,0,0,0,0,0,0.001957899,0.019493668,0.006364316,0.052137075,0.00102498,0.003002656,0.003843666,0.004143501,413.5,261.5,29,31.5,101,187,0.06,3,4,1,3,0,0,0,0,0,0,0,0,0,0,0,0,0,0,0,0,0,0,0,0,0,8,8,0,0,0,0,0,0,0,0,0,0,0,0.05,0.04,256,0,0,0,2,1500,65536,1500,1000,1000,1000,0,0,1,0,1,1,13,4,0,0,0,0,4,0,0,0,0,0,0,359,5,Benign
03/12/2023 09:27:50,0.995,0,0,0,0,0,0,0.01,0.985,0,0,0,0,0,0.01,0.005,0.935,0.005,0,0,0,0,0.02,0.05,1,0,0,0,0,0,0.005,0.005,0,0,0,0,0,0,0,0,0,18483.5,2514.5,0,18483.5,0,0,12,10,0,12,0,0,0,0,0,0,0,0,0,0,0,0,0,0,0,0,0,0,0,0,0,0,0,0,0,0,0,0,0,0,0,0,0,0,0,0,0,0,0,0.012719804,0.019755814,0.06779695,0.003340322,0.002279341,0.000306259,0.003923834,0.000344536,615.5,419,69.5,82.5,335.5,17.5,0.07,10,1.5,9.5,1,0,0,0,0,0,0,0,0,1451,0,0,0,0,0,5,0,0,0,0,0,0,12,12,0,0,0,0,0,0,0,0,0,0,0,0.05,0.04,256,0,0,0,2,1500,65536,1500,1000,1000,1000,0,0,1,0,1,1,13,4,6,0,0,0,4,0,0,0,24576,0,0,359,5,Benign
03/12/2023 09:28:26,1.015,0,0,0,0,0,0,0,0.995,0,0,0,0,0,0.01,0.01,1.015,0,0,0,0,0,0,0,0.98,0,0,0,0,0,0.01,0.025,0,0,0,0,0,0,0,0,0,12523.5,1351,0,12523.5,0,0,7.5,6,0,7.5,0,0,0,0,0,0,0,0,0,0,0,0,0,0,0,0,0,0,0,0,0,0,0,0,0,0,0,0,0,0,0,0,0,0,0,0,0,0,0,0.005037084,0.017935944,0.000504702,0.03793102,0.000754547,0.004068927,6.06E-05,0.000467611,536,330,89,205.5,12,23.5,0.035,6,3.5,0,3.5,0,0,0,0,0,0,0,0,645.5,0,0,0,0,0,3,0,0,0,0,0,0,7,7,0,0,0,0,0,0,0,0,0,0,0,0.04,0.03,256,0,0,0,2,1500,65536,1500,1000,1000,1000,0,0,1,0,1,1,13,4,6,0,0,0,4,0,0,0,24576,0,0,359,5,Benign
03/12/2023 09:28:33,1,0,0,0,0,0,0.01,0,0.95,0,0,0,0,0,0.025,0.045,0.995,0,0,0,0,0,0.005,0.01,1.01,0,0,0,0,0,0,0,0,0,0,0,0,0,0,0,0,12552.5,2702,0,12552.5,0,0,8,12,0,8,0,0,0,0,0,0,0,0,0,0,0,0,0,0,0,0,0,0,0,0,0,0,0,0,0,0,0,0,0,0,0,0,0,0,0,0,0,0,0,0.00749423,0.064940749,0.016402379,0.000750907,0.003683584,0.001234064,0.001368213,0.000109805,538.5,385,95,41.5,244,8.5,0.05,13,6,0,1,0,0,0,0,0,0,0,0,1291,0,0,0,0,0,6,0,0,0,0,0,0,8,8,0,0,0,0,0,0,0,0,0,0,0,0.04,0.03,256,0,0,0,2,1500,65536,1500,1000,1000,1000,0,0,1,0,1,1,13,4,6,0,0,0,4,0,0,0,24576,0,0,359,5,Benign
03/12/2023 09:28:36,0.98,0,0,0,0,0,0,0.005,0.935,0,0,0,0,0,0.01,0.04,0.975,0,0,0,0,0,0.005,0.005,0.985,0,0,0,0,0,0,0,0,0,0,0,0,0,0,0,0,18413,1351,0,18413,0,0,11,6,0,11,0,0,0,0,0,0,0,0,0,0,0,0,0,0,0,0,0,0,0,0,0,0,0,0,0,0,0,0,0,0,0,0,0,0,0,0,0,0,0,0.007407175,0.05087611,0.011265599,0.001496319,0.000756778,0.002876879,0.002428251,3.01E-05,559.5,356,89,18,167.5,87,0.065,7,8.5,0.5,1,0,0,0,0,0,0,0,0,645.5,0,0,0,0,0,3,0,0,0,0,0,0,11,11,0,0,0,0,0,0,0,0,0,0,0,0.04,0.03,256,0,0,0,2,1500,65536,1500,1000,1000,1000,0,0,1,0,1,1,13,4,6,0,0,0,4,0,0,0,24576,0,0,359,5,Benign
03/12/2023 09:29:23,1,0,0,0,0,0,0,0.01,0.965,0,0,0,0,0,0.025,0.025,1.005,0,0,0,0,0,0,0,1.01,0,0,0,0,0,0,0,0,0,0,0,0,0,0,0,0,12458.5,1948,0,12458.5,21,0,7,7.5,0,7,0.5,0,0,0,0,0,0,0,0,0,0,0,0,0,0,0,0,0,0,0,0,0,0,0,0,0,0,0,0,0,0,0,0,0,0,0,0,0,0,0.007611058,0.03830351,0.002239195,0.000583443,0.001225158,0.000585359,3.31E-05,2.38E-05,441,298.5,194.5,56,28,12,0.03,7.5,6,0,1,0,0,0,0,0,0,0,0,1219.5,0,0,0,0,0,4,0,0,0,0,0,0,7,7,0,0,0,0,0,0,0,0,0,0,0,0.03,0.03,256,0,0,0,2,1500,65536,1500,1000,1000,1000,0,0,1,0,1,1,13,4,6,0,0,0,4,0,0,0,24576,0,0,360,5,Benign
03/12/2023 09:29:33,0.985,0,0,0,0,0,0,0,0.98,0,0,0,0,0,0,0.005,0.945,0,0,0,0,0,0.005,0.045,0.99,0,0,0,0,0,0.005,0.005,0,0,0,0,0,0,0,0,0,12529,2803.5,0,12529,0,0,8,12.5,0,8,0,0,0,0,0,0,0,0,0,0,0,0,0,0,0,0,0,0,0,0,0,0,0,0,0,0,0,0,0,0,0,0,0,0,0,0,0,0,0,0.003077925,0.007475548,0.053853765,0.002484495,0.001000629,7.33E-05,0.000325306,0.000455677,655,435,163,115.5,45.5,80.5,0.055,12.5,0.5,7,0.5,0,0,0,0,0,0,0,0,1392.5,0,0,0,0,0,6,0,0,0,0,0,0,8,8,0,0,0,0,0,0,0,0,0,0,0,0.03,0.03,256,0,0,0,2,1500,65536,1500,1000,1000,1000,0,0,1,0,1,1,13,4,6,0,0,0,4,0,0,0,24576,0,0,359,5,Benign
03/12/2023 09:29:42,0.995,0,0,0,0,0,0.005,0,0.965,0,0,0,0,0,0.015,0.02,0.99,0,0,0,0,0,0,0,0.995,0,0,0,0,0,0,0,0,0,0,0,0,0,0,0,0,12470.5,1541,0,12470.5,0,0,7,7.5,0,7,0,0,0,0,0,0,0,0,0,0,0,0,0,0,0,0,0,0,0,0,0,0,0,0,0,0,0,0,0,0,0,0,0,0,0,0,0,0,0,0.003696778,0.035716576,0.012374906,0.000656844,0.000813406,0.001223071,0.004218599,4.39E-05,534,329,127.5,87.5,181.5,17.5,0.035,7.5,6,0.5,0.5,0,0,0,0,0,0,0,0,101.5,0,0,0,0,0,0,0,0,0,0,0,0,7,7,0,0,0,0,0,0,0,0,0,0,0,0.03,0.02,256,0,0,0,2,1500,65536,1500,1000,1000,1000,0,0,1,0,1,1,13,4,6,0,0,0,4,0,0,0,24576,0,0,360,5,Benign
03/12/2023 09:29:44,0.985,0,0,0,0,0,0.01,0.005,0.995,0,0,0,0,0,0,0.005,0.945,0,0,0,0,0,0.02,0.04,1.005,0,0,0,0,0,0,0,0,0,0,0,0,0,0,0,0,12551.5,2465,0,12551.5,0,0,8,24,0,8,0,0,0,0,0,0,0,0,0,0,0,0,0,0,0,0,0,0,0,0,0,0,0,0,0,0,0,0,0,0,0,0,0,0,0,0,0,0,0,0.020636752,0.00803175,0.05070147,0.00445262,0.012117209,0.000107,0.003882918,0.000143546,764.5,575,206.5,10.5,304,15,0.06,25,1,6,0,0,0,0,0,0,0,0,0,945.5,0,0,0,0,0,8,0,0,0,0,0,0,8,8,0,0,0,0,0,0,0,0,0,0,0,0.03,0.02,256,0,0,0,2,1500,65536,1500,1000,1000,1000,0,0,1,0,1,1,13,4,6,0,0,0,4,0,0,0,24576,0,0,359,5,Benign
03/12/2023 09:30:11,0.96,0,0,0,0,0,0.01,0.02,0.985,0.005,0,0,0,0,0.005,0.005,0.99,0,0,0,0,0,0.005,0,0.99,0,0,0,0,0,0,0,0,0,0,0,0,0,0,0,0,12465,6171,0,12465,0,0,7,10,0,7,0,0,0,0,0,0,0,0,0,0,0,0,0,0,0,0,0,0,0,0,0,0,0,0,0,0,0,0,0,0,0,0,0,0,0,0,0,0,0,0.030080654,0.00626875,0.001666285,0.001062151,0.001143928,0.000924557,8.78E-05,4.07E-05,563.5,376.5,139,144,30,55.5,0.035,16,1,0,0,0,0,0,0,0,0,0,0,4246.5,0,0,0,0,0,6,0,0,0,0,0,0,7,7,0,0,0,0,0,0,0,0,0,0,0,0.02,0.02,256,0,0,0,2,1500,65536,1500,1000,1000,1000,0,0,1,0,1,1,13,4,6,0,0,0,4,0,0,0,24576,0,0,360,5,Benign
03/12/2023 09:30:13,0.935,0,0,0,0,0,0.025,0.05,1.015,0,0,0,0,0,0,0,1.015,0,0,0,0,0,0.005,0.005,1.015,0,0,0,0,0,0.005,0.005,0,0,0,0,0,0,0,0,0,12549,2222.5,0,12549,0,0,8,3,0,8,0,0,0,0,0,0,0,0,0,0,0,0,0,0,0,0,0,0,0,0,0,0,0,0,0,0,0,0,0,0,0,0,0,0,0,0,0,0,0,0.082251111,0.002845234,0.005151538,0.00545146,0.00376852,0.000428362,0.00029751,0.000159583,495,322.5,61,64,14.5,148,0.06,9,1,0,1,0,0,0,0,0,0,0,0,1907,0,0,0,0,0,2.5,0,0,0,0,0,0,8,8,0,0,0,0,0,0,0,0,0,0,0,0.02,0.02,256,0,0,0,2,1500,65536,1500,1000,1000,1000,0,0,1,0,1,1,13,4,6,0,0,0,4,0,0,0,24576,0,0,359,5,Benign
03/12/2023 09:30:28,1,0,0,0,0,0,0,0,0.96,0,0,0,0,0,0.01,0.025,0.97,0,0,0,0,0,0.01,0.015,0.99,0,0,0,0,0,0,0.01,0,0,0,0,0,0,0,0,0,12512,0,0,12512,0,0,7.5,0,0,7.5,0,0,0,0,0,0,0,0,0,0,0,0,0,0,0,0,0,0,0,0,0,0,0,0,0,0,0,0,0,0,0,0,0,0,0,0,0,0,0,0.000295325,0.040039725,0.029685159,0.008436595,8.62E-05,0.003065604,0.000368843,0.000143445,489.5,285,9.5,130,26.5,131.5,0.065,0,6,1,0.5,0,0,0,0,0,0,0,0,0,0,0,0,0,0,0,0,0,0,0,0,0,7.5,7.5,0,0,0,0,0,0,0,0,0,0,0,0.02,0.02,256,0,0,0,2,1500,65536,1500,1000,1000,1000,0,0,1,0,1,1,13,4,6,0,0,0,4,0,0,0,24576,0,0,360,5,Benign
03/12/2023 09:31:02,0.99,0,0,0,0,0,0.01,0.005,0.99,0,0,0,0,0,0.005,0.01,0.995,0,0,0,0,0,0,0,0.97,0,0,0,0,0,0.01,0.02,0,0,0,0,0,0,0,0,0,12460,1351,0,12460,0,0,7,6,0,7,0,0,0,0,0,0,0,0,0,0,0,0,0,0,0,0,0,0,0,0,0,0,0,0,0,0,0,0,0,0,0,0,0,0,0,0,0,0,0,0.008074092,0.009103139,0.002093175,0.033001648,0.000944147,4.48E-05,0.000202046,0.000965304,521.5,339.5,146,20.5,110.5,33,0.035,6,0,1,6,0,0,0,0,0,0,0,0,645.5,0,0,0,0,0,3,0,0,0,0,0,0,7,7,0,0,0,0,0,0,0,0,0,0,0,0.02,0.02,256,0,0,0,2,1500,65536,1500,1000,1000,1000,0,0,1,0,1,1,13,4,6,0,0,0,4,0,0,0,24576,0,0,359,5,Benign
03/12/2023 09:31:54,0.995,0,0,0,0,0,0,0,0.995,0,0,0,0,0,0,0,0.99,0,0,0,0,0,0.005,0.005,0.965,0,0,0,0,0,0.01,0.02,0,0,0,0,0,0,0,0,0,12466.5,0,0,12466.5,0,0,7,0,0,7,0,0,0,0,0,0,0,0,0,0,0,0,0,0,0,0,0,0,0,0,0,0,0,0,0,0,0,0,0,0,0,0,0,0,0,0,0,0,0,0.001053324,0.00236412,0.003681961,0.032051766,6.34E-05,8.32E-06,1.83E-05,0.000887844,315,187,19,8.5,99.5,85.5,0.035,0.5,0,0.5,6,0,0,0,0,0,0,0,0,0,0,0,0,0,0,0,0,0,0,0,0,0,7,7,0,0,0,0,0,0,0,0,0,0,0,0.01,0.01,256,0,0,0,2,1500,65536,1500,1000,1000,1000,0,0,1,0,1,1,13,4,6,0,0,0,4,0,0,0,24576,0,0,359,5,Benign
03/12/2023 09:49:27,0.965,0,0,0,0,0,0.01,0.02,0.995,0,0,0,0,0,0.005,0,0.99,0,0,0,0,0,0.005,0.005,0.985,0,0,0,0,0,0.015,0,0,0,0,0,0,0,0,0,0,12473,0,0,12473,8421,0,7,0,0,7,200.5,0,0,0,0,0,0,0,0,0,0,0,0,0,0,0,0,0,0,0,0,0,0,0,0,0,0,0,0,0,0,0,0,0,0,0,0,0,0,0.035642314,0.007760886,0.013316623,0.016126285,0.000397455,0.000570574,0.001684155,0.002191207,2133.5,1832,28.5,221.5,346,649,0.035,6,0,0.5,0.5,0,0,0,0,0,0,0,0,0,5572,0,0,199,0,0,0,0,0,0,0,0,7,7,0,0,0,0,0,0,0,0,0,0,0.01,0.05,0.03,256,0,0,0,5,1500,65536,1500,1000,1000,1000,0,0,1,0,1,1,13,4,0,0,0,0,4,0,0,2,0,0,0,367,5,Attack
03/12/2023 09:49:28,0.99,0,0,0,0.005,0,0.005,0.005,0.985,0,0,0,0,0,0.015,0,0.965,0,0,0,0,0,0.015,0.005,0.975,0,0,0,0,0,0.02,0.01,0,0,0,0,0,0,0,0,0,12480.5,1401,0,12480.5,8400,0,7,4,0,7,200,0,0,0,0,0,0,0,0,0,0,0,0,0,0,0,0,0,0,0,0,0,0,0,0,0,0,0,0,0,0,0,0,0,0,0,0,0,0,0.017717242,0.019432866,0.024475701,0.030309458,0.000175176,0.001874992,0.004311295,0.004402658,2229,1966,30.5,328,451.5,403,0.035,3,4,0,4,0,0,0,0,0,0,0,0,1401,5572,0,0,199,0,0,0,0,0,0,0,0,7,7,0,0,0,0,0,0,0,0,0,0,0.01,0.05,0.03,256,0,0,0,5,1500,65536,1500,1000,1000,1000,0,0,1,0,1,1,13,4,0,0,0,0,4,0,0,2,0,0,0,367,5,Attack
03/12/2023 09:49:29,0.995,0,0,0,0.005,0,0,0,0.97,0,0,0,0,0,0.02,0.005,0.915,0,0,0,0,0,0.03,0.035,0.97,0,0,0,0,0,0.02,0.015,0,0,0,0,0,0,0,0,0,12551.5,9474.5,0,12551.5,8274,0,8,18.5,0,8,197,0,0,0,0,0,0,0,0,0,0,0,0,0,0,0,0,0,0,0,0,0,0,0,0,0,0,0,0,0,0,0,0,0,0,0,0,0,0,0.002830771,0.022773244,0.074252751,0.025833405,7.49E-05,0.002363596,0.007618652,0.005051296,2394.5,2054,54.5,491.5,531,245.5,0.06,0,19.5,3,4,0,0,0,0,0,0,0,0,8093.5,5572,0,0,199,0,12.5,0,0,0,0,0,0,8,8,0,0,0,0,0,0,0,0,0,0,0.01,0.05,0.03,256,0,0,0,5,1500,65536,1500,1000,1000,1000,0,0,1,0,1,1,13,4,0,0,0,0,4,0,0,2,0,0,0,367,5,Attack
03/12/2023 09:50:24,0.97,0,0,0,0,0,0.015,0.02,1.005,0,0,0,0,0,0,0.005,0.99,0,0,0,0,0,0.01,0.005,0.98,0.005,0,0,0,0,0.01,0,0,0,0,0,0,0,0,0,0,12459.5,451.5,0,12459.5,8442,0,7,5.5,0,7,201,0,0,0,0,0,0,0,0,0,0,0,0,0,0,0,0,0,0,0,0,0,0,0,0,0,0,0,0,0,0,0,0,0,0,0,0,0,0,0.036612721,0.004002193,0.008510207,0.023319587,0.00070649,1.61E-05,0.00249048,0.006751134,2207.5,1889.5,48,34.5,316,1066.5,0.035,6,0.5,0,6,0,0,0,0,0,0,0,0,202.5,5516,0,0,197,0,2,0,0,0,0,0,0,7,7,0,0,0,0,0,0,0,0,0,0,0,0.03,0.03,256,0,0,0,5,1500,65536,1500,1000,1000,1000,0,0,1,0,1,1,13,4,0,0,0,0,4,0,0,2,0,0,0,367,5,Attack
03/12/2023 09:50:25,0.985,0,0,0,0,0,0.01,0.005,0.99,0,0,0,0,0,0.005,0.005,0.975,0,0,0,0,0,0.005,0.015,0.98,0,0,0,0,0,0.01,0,0,0,0,0,0,0,0,0,0,12471.5,1365,0,12471.5,8400,0,7,6.5,0,7,200,0,0,0,0,0,0,0,0,0,0,0,0,0,0,0,0,0,0,0,0,0,0,0,0,0,0,0,0,0,0,0,0,0,0,0,0,0,0,0.020812441,0.001339419,0.025270652,0.018922538,0.001090435,0.000298249,0.004339842,0.005076173,2315,1864.5,275.5,29.5,316.5,784,0.035,9.5,0.5,3,0.5,0,0,0,0,0,0,0,0,645.5,5544,0,0,198,0,3,0,0,0,0,0,0,7,7,0,0,0,0,0,0,0,0,0,0,0,0.03,0.03,256,0,0,0,5,1500,65536,1500,1000,1000,1000,0,0,1,0,1,1,13,4,0,0,0,0,4,0,0,2,0,0,0,368,5,Attack
03/12/2023 09:50:26,0.98,0,0,0,0,0,0.015,0,0.975,0,0,0,0,0,0.01,0.02,0.97,0,0,0,0,0,0.01,0.01,0.975,0,0,0,0,0,0.01,0,0,0,0,0,0,0,0,0,0,12463.5,1351,0,12463.5,8358,0,7,6,0,7,199,0,0,0,0,0,0,0,0,0,0,0,0,0,0,0,0,0,0,0,0,0,0,0,0,0,0,0,0,0,0,0,0,0,0,0,0,0,0,0.018388313,0.018370965,0.034829471,0.020657353,0.00119224,0.000421703,0.004296657,0.001959748,2378,1862,470.5,33,374.5,396.5,0.035,6.5,3,3,0.5,0,0,0,0,0,0,0,0,645.5,5600,0,0,200,0,3,0,0,0,0,0,0,7,7,0,0,0,0,0,0,0,0,0,0,0,0.03,0.03,256,0,0,0,5,1500,65536,1500,1000,1000,1000,0,0,1,0,1,1,13,4,0,0,0,0,4,0,0,2,0,0,0,367,5,Attack
03/12/2023 09:51:31,0.915,0,0,0,0,0,0.025,0.045,0.98,0,0,0,0,0,0.005,0.005,0.955,0,0,0,0,0,0.015,0.005,0.98,0,0,0,0,0,0,0.005,0,0,0,0,0,0,0,0,0,12560.5,2702,0,12560.5,8190,0,8,12,0,8,195,0,0,0,0,0,0,0,0,0,0,0,0,0,0,0,0,0,0,0,0,0,0,0,0,0,0,0,0,0,0,0,0,0,0,0,0,0,0,0.074998425,0.013943312,0.031281811,0.012315228,0.001264614,0.000797407,0.005904831,0.000928222,2694.5,2256,215.5,229,832,214,0.08,7,0,12,1,0,0,0,0,0,0,0,0,1291,5502,0,0,193.5,0,6,0,0,0,0,0,0,8,8,0,0,0,0,0,0,0,0,0,0,0,0.03,0.02,256,0,0,0,5,1500,65536,1500,1000,1000,1000,0,0,1,0,1,1,13,4,0,0,0,0,4,0,0,2,0,0,0,368,5,Attack
03/12/2023 09:51:32,0.94,0,0,0,0,0,0.015,0.035,0.975,0,0,0,0,0,0.005,0.005,0.96,0,0,0,0,0,0.015,0.005,0.985,0,0,0,0,0,0,0,0,0,0,0,0,0,0,0,0,12514.5,2114,0,12514.5,8190,0,7.5,12.5,0,7.5,195,0,0,0,0,0,0,0,0,0,0,0,0,0,0,0,0,0,0,0,0,0,0,0,0,0,0,0,0,0,0,0,0,0,0,0,0,0,0,0.04974502,0.007950212,0.02354642,0.005408797,0.002557661,0.000642065,0.006190444,0.000938527,2370.5,1937.5,164,171,980,190,0.06,6,0,13,1,0,0,0,0,0,0,0,0,1025,5586,0,0,194,0,6,0,0,0,0,0,0,7.5,7.5,0,0,0,0,0,0,0,0,0,0,0,0.03,0.02,256,0,0,0,5,1500,65536,1500,1000,1000,1000,0,0,1,0,1,1,13,4,0,0,0,0,4,0,0,2,0,0,0,368,5,Attack
03/12/2023 09:51:33,0.965,0,0,0,0.005,0,0.005,0.01,0.99,0,0,0,0,0,0,0.005,0.97,0,0,0,0,0,0.02,0,0.97,0,0,0,0,0,0.005,0.01,0,0,0,0,0,0,0,0,0,12468,12624.5,0,12468,8379,0,7,32.5,0,7,199.5,0,0,0,0,0,0,0,0,0,0,0,0,0,0,0,0,0,0,0,0,0,0,0,0,0,0,0,0,0,0,0,0,0,0,0,0,0,0,0.027712469,0.00436513,0.02200906,0.021096165,0.003121547,4.41E-05,0.005385708,0.001245639,2733.5,2397.5,328,45,1055,214,0.03,4,0,29,2.5,0,0,0,0,0,0,0,0,9509,5586,0,0,199.5,0,22.5,0,0,0,0,0,0,7,7,0,0,0,0,0,0,0,0,0,0,0,0.03,0.02,256,0,0,0,5,1500,65536,1500,1000,1000,1000,0,0,1,0,1,1,13,4,0,0,0,0,4,0,0,2,0,0,0,367,5,Attack
03/12/2023 09:52:21,0.955,0,0,0,0,0,0.01,0.02,0.98,0,0,0,0,0,0.005,0,0.98,0,0,0,0,0,0,0.005,0.975,0,0,0,0,0,0.015,0.005,0,0,0,0,0,0,0,0,0,18376.5,1513,0,18376.5,8316,0,10.5,8,0,10.5,198,0,0,0,0,0,0,0,0,0,0,0,0,0,0,0,0,0,0,0,0,0,0,0,0,0,0,0,0,0,0,0,0,0,0,0,0,0,0,0.036519797,0.008965889,0.010346817,0.018178749,0.001451889,0.00091038,0.000742125,0.000684679,2256,2054.5,154,285.5,224.5,524,0.03,6.5,0,0,12,0,0,0,0,0,0,0,0,716.5,5600,0,0,200,0,4,0,0,0,0,0,0,10.5,10.5,0,0,0,0,0,0,0,0,0,0,0.16,0.07,0.03,256,0,0,0,5,1500,65536,1500,1000,1000,1000,0,0,1,0,1,1,13,4,0,0,0,0,4,0,0,2,0,0,0,368,5,Attack
03/12/2023 09:52:22,0.95,0,0,0,0,0,0.015,0.02,0.97,0,0,0,0,0,0.01,0.005,0.975,0,0,0,0,0,0.005,0.005,0.97,0,0,0,0,0,0.015,0.005,0,0,0,0,0,0,0,0,0,12486.5,2940,0,12486.5,8400,0,7,15.5,0,7,200,0,0,0,0,0,0,0,0,0,0,0,0,0,0,0,0,0,0,0,0,0,0,0,0,0,0,0,0,0,0,0,0,0,0,0,0,0,0,0.041176187,0.013393642,0.014193583,0.021717149,0.004455305,0.001372378,0.00094811,0.001400078,2223.5,2011.5,232,256,228.5,500.5,0.03,7,0,0,15.5,0,0,0,0,0,0,0,0,1407.5,5656,0,0,202,0,7.5,0,0,0,0,0,0,7.5,7.5,0,0,0,0,0,0,0,0,0,0,0.16,0.07,0.03,256,0,0,0,5,1500,65536,1500,1000,1000,1000,0,0,1,0,1,1,13,4,0,0,0,0,4,0,0,2,0,0,0,367,5,Attack
03/12/2023 09:52:23,0.965,0,0,0,0,0,0.015,0.02,0.945,0,0,0,0,0,0.025,0.035,0.99,0,0,0,0,0,0.01,0.005,0.985,0,0,0,0,0,0.02,0.005,0,0,0,0,0,0,0,0,0,12555.5,1622,0,12555.5,8337,0,8,10.5,0,8,198.5,0,0,0,0,0,0,0,0,0,0,0,0,0,0,0,0,0,0,0,0,0,0,0,0,0,0,0,0,0,0,0,0,0,0,0,0,0,0,0.034176442,0.056376048,0.015618425,0.020948461,0.005527612,0.001346044,0.000850669,0.001756616,2162,1916,287.5,229.5,203.5,553,0.065,4,3,1,11.5,0,0,0,0,0,0,0,0,807.5,5516,0,0,197,0,5,0,0,0,0,0,0,8,8,0,0,0,0,0,0,0,0,0,0,0.16,0.07,0.03,256,0,0,0,5,1500,65536,1500,1000,1000,1000,0,0,1,0,1,1,13,4,0,0,0,0,4,0,0,2,0,0,0,368,5,Attack
03/12/2023 09:53:07,0.945,0,0,0,0.005,0,0.03,0.025,1.005,0,0,0,0,0,0,0.005,0.98,0,0,0,0,0,0.015,0.015,0.985,0,0,0,0,0,0.015,0.005,0,0,0,0,0,0,0,0,0,12492,11661,0,12492,8484,0,7.5,26.5,0,7.5,202,0,0,0,0,0,0,0,0,0,0,0,0,0,0,0,0,0,0,0,0,0,0,0,0,0,0,0,0,0,0,0,0,0,0,0,0,0,0,0.060707146,0.007341627,0.034593645,0.023213085,0.008553916,0.000731731,0.003384611,0.001395498,2509,2026,779,201,255.5,308,0.035,24.5,5.5,3,0.5,0,0,0,0,0,0,0,0,8849,5586,0,0.5,199.5,0.5,19,0,0,0,0,0,0,7,7,0,0,0,0,0,0,0,0,0,0,0.07,0.05,0.03,256,0,0,0,5,1500,65536,1500,1000,1000,1000,0,0,1,0,1,1,13,4,0,0,0,0,4,0,0,2,0,0,0,367,5,Attack
03/12/2023 09:53:08,0.92,0,0,0,0.005,0,0.025,0.04,0.99,0,0,0,0,0,0.01,0.005,0.98,0,0,0,0,0,0.01,0,0.98,0,0,0,0,0,0.015,0.005,0,0,0,0,0,0,0,0,0,12543,14353,0,12543,8358,0,8,30,0,8,199,0,0,0,0,0,0,0,0,0,0,0,0,0,0,0,0,0,0,0,0,0,0,0,0,0,0,0,0,0,0,0,0,0,0,0,0,0,0,0.074481895,0.015331687,0.019443713,0.022041427,0.006390216,0.002708699,0.003278584,0.001288724,2486,2142.5,378,562.5,292,303,0.05,22,15,0,1,0,0,0,0,0,0,0,0,12093.5,5544,0,0.5,198,0.5,25,0,0,0,0,0,0,8,8,0,0,0,0,0,0,0,0,0,0,0.07,0.05,0.03,256,0,0,0,5,1500,65536,1500,1000,1000,1000,0,0,1,0,1,1,13,4,0,0,0,0,4,0,0,2,0,0,0,367,5,Attack
03/12/2023 09:53:09,0.95,0,0,0,0.005,0,0.015,0.02,0.97,0,0,0,0,0,0.02,0,0.965,0,0,0,0,0,0.01,0.005,0.99,0,0,0,0,0,0,0.005,0,0,0,0,0,0,0,0,0,12520,4138.5,0,12520,8148,0,7.5,10.5,0,7.5,194,0,0,0,0,0,0,0,0,0,0,0,0,0,0,0,0,0,0,0,0,0,0,0,0,0,0,0,0,0,0,0,0,0,0,0,0,0,0,0.03961499,0.020097192,0.011061394,0.006265535,0.000289325,0.005329601,0.001227244,0.000178012,2375,2029.5,41.5,977,273,106.5,0.06,7,11,0,0.5,0,0,0,0,0,0,0,0,3985.5,5516,0,0,197,0,9.5,0,0,0,0,0,0,8,8,0,0,0,0,0,0,0,0,0,0,0.07,0.05,0.03,256,0,0,0,5,1500,65536,1500,1000,1000,1000,0,0,1,0,1,1,13,4,0,0,0,0,4,0,0,2,0,0,0,368,5,Attack
03/12/2023 09:54:05,0.975,0,0,0,0.005,0,0.01,0,0.99,0,0,0,0,0,0,0.01,0.95,0,0,0,0,0,0.02,0.02,0.995,0,0,0,0,0,0,0.005,0,0,0,0,0,0,0,0,0,18365.5,2308.5,0,18365.5,8358,0,10.5,11,0,10.5,199,0,0,0,0,0,0,0,0,0,0,0,0,0,0,0,0,0,0,0,0,0,0,0,0,0,0,0,0,0,0,0,0,0,0,0,0,0,0,0.018865879,0.009809064,0.050451025,0.006483092,0.004230754,0.000366741,0.003165786,0.000325157,2377,1810,873.5,35.5,453,98,0.03,5.5,0,12,4,0,0,0,0,0,0,0,0,1431.5,5586,0,0,199.5,0,4,0,0,0,0,0,0,10.5,10.5,0,0,0,0,0,0,0,0,0,0,0.08,0.06,0.03,256,0,0,0,5,1500,65536,1500,1000,1000,1000,0,0,1,0,1,1,13,4,0,0,0,0,4,0,0,2,0,0,0,367,5,Attack
03/12/2023 09:54:06,0.945,0.005,0,0,0.005,0,0.015,0,0.985,0,0,0,0,0,0,0.005,0.94,0,0,0,0,0,0.02,0.03,0.985,0,0,0,0,0,0,0.005,0,0,0,0,0,0,0,0,0,18367.5,2308.5,0,18367.5,8253,0,10.5,11,0,10.5,196.5,0,0,0,0,0,0,0,0,0,0,0,0,0,0,0,0,0,0,0,0,0,0,0,0,0,0,0,0,0,0,0,0,0,0,0,0,0,0,0.035595297,0.008794213,0.04654631,0.010161447,0.010510816,0.000301751,0.003757005,0.000551085,2399,1751.5,1000.5,27,302,102.5,0.04,11,0.5,6,4,0,0,0,0,0,0,0,0,1431.5,5628,0,0,201.5,0,4,0,0,0,0,0,0,11,11,0,0,0,0,0,0,0,0,0,0,0.08,0.06,0.03,256,0,0,0,5,1500,65536,1500,1000,1000,1000,0,0,1,0,1,1,13,4,0,0,0,0,4,0,0,2,0,0,0,367,5,Attack
03/12/2023 09:54:07,0.93,0.005,0,0,0.005,0,0.025,0.025,0.995,0,0,0,0,0,0.005,0,0.945,0,0,0,0,0,0.02,0.03,0.975,0,0,0,0,0,0.005,0.015,0,0,0,0,0,0,0,0,0,12552.5,3625,0,12552.5,8358,0,8,20,0,8,199,0,0,0,0,0,0,0,0,0,0,0,0,0,0,0,0,0,0,0,0,0,0,0,0,0,0,0,0,0,0,0,0,0,0,0,0,0,0,0.067299771,0.012577168,0.05679705,0.021867455,0.019125327,0.000502316,0.005484849,0.002009816,2510.5,1967,846.5,161.5,324,207,0.065,16.5,1,3,7.5,0,0,0,0,0,0,0,0,2062,5530,0,0,197.5,0,8,0,0,0,0,0,0,8,8,0,0,0,0,0,0,0,0,0,0,0.08,0.06,0.03,256,0,0,0,5,1500,65536,1500,1000,1000,1000,0,0,1,0,1,1,13,4,0,0,0,0,4,0,0,2,0,0,0,367,5,Attack
03/12/2023 09:54:41,0.985,0,0,0,0,0,0,0,0.98,0,0,0,0,0,0.01,0,0.98,0,0,0,0,0,0.005,0.005,0.96,0,0,0,0,0,0.01,0.03,0,0,0,0,0,0,0,0,0,12477.5,1463,0,12477.5,8442,0,7,7.5,0,7,201,0,0,0,0,0,0,0,0,0,0,0,0,0,0,0,0,0,0,0,0,0,0,0,0,0,0,0,0,0,0,0,0,0,0,0,0,0,0,0.005617481,0.016029104,0.0120776,0.035802469,0.000429571,0.003845331,0.000883176,0.001015481,2362,2026,173.5,864,211,89.5,0.035,0.5,7.5,0.5,6,0,0,0,0,0,0,0,0,719.5,5572,0,0,199,0,4,0,0,0,0,0,0,7,7,0,0,0,0,0,0,0,0,0,0,0.18,0.08,0.04,256,0,0,0,5,1500,65536,1500,1000,1000,1000,0,0,1,0,1,1,13,4,0,0,0,0,4,0,0,2,0,0,0,367,5,Attack
03/12/2023 09:54:42,0.98,0,0,0,0,0,0.005,0,0.975,0,0,0,0,0,0.01,0,0.975,0,0,0,0,0,0.01,0.005,0.965,0,0,0,0,0,0.005,0.02,0,0,0,0,0,0,0,0,0,12470.5,380,0,12470.5,8274,0,7,3,0,7,197,0,0,0,0,0,0,0,0,0,0,0,0,0,0,0,0,0,0,0,0,0,0,0,0,0,0,0,0,0,0,0,0,0,0,0,0,0,0,0.004411967,0.012714412,0.016056098,0.034021266,0.000326496,0.001843191,0.002257336,0.000323583,2243.5,1932.5,140.5,557.5,516.5,30.5,0.04,0.5,0.5,2.5,6.5,0,0,0,0,0,0,0,0,380,5600,0,0,200,0,3,0,0,0,0,0,0,7,7,0,0,0,0,0,0,0,0,0,0,0.18,0.08,0.04,256,0,0,0,5,1500,65536,1500,1000,1000,1000,0,0,1,0,1,1,13,4,0,0,0,0,4,0,0,2,0,0,0,368,5,Attack
03/12/2023 09:55:14,0.98,0,0,0,0,0,0.01,0,0.995,0,0,0,0,0,0,0,0.955,0,0,0,0.005,0,0.015,0.015,0.98,0,0,0,0,0,0.005,0.005,0,0,0,0,0,0,0,0,0,12485,0,0,12485,8442,0,7,0,0,7,201,0,0,0,0,0,0,0,0,0,0,0,0,0,0,0,0,0,0,0,0,0,0,0,0,0,0,0,0,0,0,0,0,0,0,0,0,0,0,0.01228642,0.000196184,0.039583909,0.012945046,0.001824517,4.19E-06,0.001021501,0.001469938,2098.5,1653.5,562.5,5,231.5,390,0.035,0.5,0,6.5,0,0,0,0,0,0,0,0,0,0,5544,0,0,198,0,0,0,0,0,0,0,0,7,7,0,0,0,0,0,0,0,0,0,0,0.1,0.07,0.03,256,0,0,0,5,1500,65536,1500,1000,1000,1000,0,0,1,0,1,1,13,4,6,0,0,0,4,0,0,2,24576,0,0,367,5,Attack
03/12/2023 09:55:15,0.98,0,0,0,0,0,0.015,0.005,1.02,0,0,0,0,0,0,0,0.95,0,0,0,0.005,0,0.02,0.04,0.995,0,0,0,0,0,0.005,0.01,0,0,0,0,0,0,0,0,0,12489,1351,0,12489,8316,0,7,6,0,7,198,0,0,0,0,0,0,0,0,0,0,0,0,0,0,0,0,0,0,0,0,0,0,0,0,0,0,0,0,0,0,0,0,0,0,0,0,0,0,0.028257083,0.00045774,0.071937726,0.021759781,0.005078414,8.44E-06,0.003030542,0.001674573,2320.5,1968,505,5,265.5,549.5,0.035,1,0,6.5,6,0,0,0,0,0,0,0,0,645.5,5656,0,0,202,0,3,0,0,0,0,0,0,7.5,7.5,0,0,0,0,0,0,0,0,0,0,0.1,0.07,0.03,256,0,0,0,5,1500,65536,1500,1000,1000,1000,0,0,1,0,1,1,13,4,6,0,0,0,4,0,0,2,24576,0,0,368,5,Attack
03/12/2023 09:55:16,0.935,0,0,0,0,0,0.01,0.02,0.985,0,0,0,0,0,0,0.005,0.925,0,0,0,0,0,0.02,0.03,0.955,0,0,0,0,0,0.02,0.01,0,0,0,0,0,0,0,0,0,12555.5,2702,0,12555.5,8274,0,8,12,0,8,197,0,0,0,0,0,0,0,0,0,0,0,0,0,0,0,0,0,0,0,0,0,0,0,0,0,0,0,0,0,0,0,0,0,0,0,0,0,0,0.044879649,0.010028652,0.060519313,0.035761568,0.003711424,0.001048241,0.003439101,0.004672595,2589,2205.5,235,152.5,267.5,735.5,0.07,4,0,4,12,0,0,0,0,0,0,0,0,1291,5572,0,0,199,0,6,0,0,0,0,0,0,8,8,0,0,0,0,0,0,0,0,0,0,0.1,0.07,0.03,256,0,0,0,5,1500,65536,1500,1000,1000,1000,0,0,1,0,1,1,13,4,6,0,0,0,4,0,0,2,24576,0,0,367,5,Attack
03/12/2023 09:55:45,0.97,0,0,0,0.005,0,0.005,0,0.955,0,0,0,0,0,0.025,0.01,0.955,0,0,0,0,0,0.01,0.02,0.985,0.005,0,0,0,0,0.005,0.01,0,0,0,0,0,0,0,0,0,12480.5,2824,0,12480.5,8337,0,7,21.5,0,7,198.5,0,0,0,0,0,0,0,0,0,0,0,0,0,0,0,0,0,0,0,0,0,0,0,0,0,0,0,0,0,0,0,0,0,0,0,0,0,0,0.014905104,0.037294458,0.033801451,0.016517768,0.001728031,0.007202965,0.00176662,0.000471592,2598.5,2338.5,285,930,256,15,0.035,0.5,20.5,3.5,3,0,0,0,0,0,0,0,0,1800.5,5600,0,0,200,0,12,0,0,0,0,0,0,7,7,0,0,0,0,0,0,0,0,0,0,0.06,0.06,0.03,256,0,0,0,5,1500,65536,1500,1000,1000,1000,0,0,1,0,1,1,13,4,6,0,0,0,4,0,0,2,24576,0,0,368,5,Attack
03/12/2023 09:55:46,0.975,0,0,0,0.005,0,0.01,0,0.96,0,0,0,0,0,0.03,0.01,0.925,0,0,0,0,0,0.02,0.035,0.99,0.005,0,0,0,0,0,0,0,0,0,0,0,0,0,0,0,12549.5,3366.5,0,12549.5,8316,0,8,21.5,0,8,198,0,0,0,0,0,0,0,0,0,0,0,0,0,0,0,0,0,0,0,0,0,0,0,0,0,0,0,0,0,0,0,0,0,0,0,0,0,0,0.013749332,0.039753906,0.075482364,0.005761017,0.00158475,0.007720605,0.002212427,0.000168916,2538,2354,201,924,231.5,138.5,0.055,1,21.5,6,1,0,0,0,0,0,0,0,0,1758,5544,0,0,198,0,12,0,0,0,0,0,0,8,8,0,0,0,0,0,0,0,0,0,0,0.06,0.06,0.03,256,0,0,0,5,1500,65536,1500,1000,1000,1000,0,0,1,0,1,1,13,4,6,0,0,0,4,0,0,2,24576,0,0,367,5,Attack
03/12/2023 09:55:47,0.995,0,0,0,0,0,0.005,0.005,0.98,0,0,0,0,0,0.015,0,0.935,0,0,0,0,0,0.03,0.035,0.99,0,0,0,0,0,0.005,0,0,0,0,0,0,0,0,0,0,12555.5,1709.5,0,12555.5,8274,0,8,10.5,0,8,197,0,0,0,0,0,0,0,0,0,0,0,0,0,0,0,0,0,0,0,0,0,0,0,0,0,0,0,0,0,0,0,0,0,0,0,0,0,0,0.005513352,0.019406668,0.065085274,0.008735296,0.000267907,0.002319326,0.000967724,0.000178796,2301,2163.5,76,727,201,274,0.06,0.5,12,6,1,0,0,0,0,0,0,0,0,867.5,5488,0,0,196,0,6,0,0,0,0,0,0,8,8,0,0,0,0,0,0,0,0,0,0,0.06,0.06,0.03,256,0,0,0,5,1500,65536,1500,1000,1000,1000,0,0,1,0,1,1,13,4,6,0,0,0,4,0,0,2,24576,0,0,368,5,Attack
03/12/2023 09:56:16,0.975,0,0,0,0,0,0.015,0,0.965,0,0,0,0,0,0.01,0.01,0.975,0,0,0,0,0,0.01,0,0.935,0,0,0,0,0,0.02,0.03,0,0,0,0,0,0,0,0,0,12577.5,2702,0,12577.5,8358,0,8,12,0,8,199,0,0,0,0,0,0,0,0,0,0,0,0,0,0,0,0,0,0,0,0,0,0,0,0,0,0,0,0,0,0,0,0,0,0,0,0,0,0,0.017982826,0.023654074,0.016960146,0.065605928,0.00192223,0.001672622,0.002313827,0.002118252,2473.5,2192.5,313,273,350.5,376,0.055,1.5,1,1,16.5,0,0,0,0,0,0,0,0,1291,5544,0,0,198,0,6,0,0,0,0,0,0,8,8,0,0,0,0,0,0,0,0,0,0,0.04,0.06,0.03,256,0,0,0,5,1500,65536,1500,1000,1000,1000,0,0,1,0,1,1,13,4,6,0,0,0,4,0,0,2,24576,0,0,367,5,Attack
03/12/2023 09:56:17,0.97,0,0,0,0,0,0.005,0.005,0.955,0,0,0,0,0,0.01,0.02,0.97,0,0,0,0,0,0.01,0.005,0.955,0,0,0,0,0,0.005,0.015,0,0,0,0,0,0,0,0,0,12585.5,1351,0,12585.5,8337,0,8,6,0,8,198.5,0,0,0,0,0,0,0,0,0,0,0,0,0,0,0,0,0,0,0,0,0,0,0,0,0,0,0,0,0,0,0,0,0,0,0,0,0,0,0.00968866,0.026317881,0.014537916,0.030642439,0.000847914,0.000560916,0.002678082,0.001406213,2330.5,2018.5,276.5,110.5,607,287,0.055,1,4,0.5,8.5,0,0,0,0,0,0,0,0,645.5,5530,0,0,197.5,0,3,0,0,0,0,0,0,8,8,0,0,0,0,0,0,0,0,0,0,0.04,0.06,0.03,256,0,0,0,5,1500,65536,1500,1000,1000,1000,0,0,1,0,1,1,13,4,6,0,0,0,4,0,0,2,24576,0,0,368,5,Attack
03/12/2023 09:56:18,0.975,0,0,0,0,0,0.01,0.005,0.97,0,0,0,0,0,0.005,0.02,0.975,0,0,0,0,0,0.015,0.005,1,0,0,0,0,0,0,0,0,0,0,0,0,0,0,0,0,12502,2740,0,12502,8385,0,7,12.5,0,7,199.5,0,0,0,0,0,0,0,0,0,0,0,0,0,0,0,0,0,0,0,0,0,0,0,0,0,0,0,0,0,0,0,0,0,0,0,0,0,0,0.014149952,0.031719611,0.01929693,0.003262239,0.001319861,0.000496053,0.004534384,1.94E-05,2268,1947,367,60.5,957,46.5,0.035,0,6.5,12.5,0.5,0,0,0,0,0,0,0,0,1329,5578,0,0,198.5,0,6,0,0,0,0,0,0,7.5,7.5,0,0,0,0,0,0,0,0,0,0,0.04,0.06,0.03,256,0,0,0,5,1500,65536,1500,1000,1000,1000,0,0,1,0,1,1,13,4,6,0,0,0,4,0,0,2,24576,0,0,367,5,Attack
03/12/2023 09:56:41,0.995,0,0,0,0,0,0,0,0.985,0,0,0,0,0,0.005,0.005,0.955,0,0,0,0,0,0.01,0.025,0.99,0,0,0,0,0,0.005,0,0,0,0,0,0,0,0,0,0,12502.5,1351,0,12502.5,8400,0,7,6,0,7,200,0,0,0,0,0,0,0,0,0,0,0,0,0,0,0,0,0,0,0,0,0,0,0,0,0,0,0,0,0,0,0,0,0,0,0,0,0,0,0.002929724,0.016029466,0.043398967,0.007028639,9.13E-05,0.000697314,0.002184975,0.000166871,2367.5,1964,166.5,524,348,217.5,0.03,0.5,6,6,0.5,0,0,0,0,0,0,0,0,645.5,5600,0,0,200,0,3,0,0,0,0,0,0,7,7,0,0,0,0,0,0,0,0,0,0,0.02,0.05,0.02,256,0,0,0,5,1500,65536,1500,1000,1000,1000,0,0,1,0,1,1,13,4,6,0,0,0,4,0,0,2,24576,0,0,367,5,Attack
03/12/2023 09:56:53,0.98,0,0,0,0,0,0.005,0.01,0.985,0,0,0,0,0,0.005,0.005,0.965,0,0,0,0,0,0.005,0.02,0.99,0,0,0,0,0,0.005,0,0,0,0,0,0,0,0,0,0,12478,1351,0,12478,8358,0,7,6,0,7,199,0,0,0,0,0,0,0,0,0,0,0,0,0,0,0,0,0,0,0,0,0,0,0,0,0,0,0,0,0,0,0,0,0,0,0,0,0,0,0.015955762,0.008472547,0.036512796,0.007456412,0.002041673,0.000641273,0.000685927,4.72E-05,2438,2017.5,606,275.5,122,242,0.035,6,0.5,6.5,0,0,0,0,0,0,0,0,0,645.5,5572,0,0,199,0,3,0,0,0,0,0,0,7,7,0,0,0,0,0,0,0,0,0,0,0.02,0.05,0.02,256,0,0,0,5,1500,65536,1500,1000,1000,1000,0,0,1,0,1,1,13,4,6,0,0,0,4,0,0,2,24576,0,0,367,5,Attack
03/12/2023 09:57:19,0.99,0,0,0,0,0,0,0,0.925,0,0,0,0.005,0,0.025,0.04,0.975,0,0,0,0,0,0.005,0,0.99,0,0,0,0,0,0,0.005,0,0,0,0,0,0,0,0,0,12562,4129,0,12562,8259,0,8,19,0,8,196.5,0,0,0,0,0,0,0,0,0,0,0,0,0,0,0,0,0,0,0,0,0,0,0,0,0,0,0,0,0,0,0,0,0,0,0,0,0,0,0.001852704,0.071963195,0.015957087,0.006901604,1.25E-05,0.005269692,0.002678253,0.000519619,2524.5,2220.5,49,841.5,397,194.5,0.06,0,23,2,0,0,0,0,0,0,0,0,0,1684.5,5606,0,0,199.5,0,7.5,0,0,0,0,0,0,8.5,8.5,0,0,0,0,0,0,0,0,0,0,0.01,0.04,0.02,256,0,0,0,5,1500,65536,1500,1000,1000,1000,0,0,1,0,1,1,13,4,6,0,0,0,4,0,0,2,24576,0,0,367,5,Attack
03/12/2023 09:57:26,0.99,0,0,0,0,0,0,0,0.95,0,0,0,0,0,0.01,0.025,0.98,0,0,0,0,0,0.01,0,0.98,0,0,0,0,0,0.01,0,0,0,0,0,0,0,0,0,0,12485,4215,0,12485,8274,0,7,16,0,7,197,0,0,0,0,0,0,0,0,0,0,0,0,0,0,0,0,0,0,0,0,0,0,0,0,0,0,0,0,0,0,0,0,0,0,0,0,0,0,0.002183991,0.044986948,0.013095217,0.011219788,0.000103713,0.001283794,0.004438185,0.001032999,2480.5,2173,56.5,487.5,410.5,316,0.035,0.5,22,0,0.5,0,0,0,0,0,0,0,0,3140,5586,0,0,200,0,5,0,0,0,0,0,0,7,7,0,0,0,0,0,0,0,0,0,0,0.01,0.04,0.02,256,0,0,0,5,1500,65536,1500,1000,1000,1000,0,0,1,0,1,1,13,4,6,0,0,0,4,0,0,2,24576,0,0,368,5,Attack
03/12/2023 09:57:36,0.975,0,0,0,0,0,0.005,0.01,0.915,0.005,0,0,0,0,0.02,0.045,0.96,0,0,0,0,0,0.01,0.02,0.965,0,0,0,0,0,0.02,0.005,0,0,0,0,0,0,0,0,0,18471.5,1559,0,18471.5,8274,0,11.5,8,0,11.5,197,0,0,0,0,0,0,0,0,0,0,0,0,0,0,0,0,0,0,0,0,0,0,0,0,0,0,0,0,0,0,0,0,0,0,0,0,0,0,0.01818606,0.072429038,0.03136284,0.027922947,0.002080249,0.002694944,0.004049984,0.003654662,2531,2186,208.5,201,223.5,774,0.07,4,7.5,0,7,0,0,0,0,0,0,0,0,1129.5,5530,0,0,197.5,0,1.5,0,0,0,0,0,0,11.5,11.5,0,0,0,0,0,0,0,0,0,0,0.01,0.04,0.02,256,0,0,0,5,1500,65536,1500,1000,1000,1000,0,0,1,0,1,1,13,4,6,0,0,0,4,0,0,2,24576,0,0,367,5,Attack
03/12/2023 09:57:47,0.985,0,0,0,0,0,0.02,0.01,0.975,0.005,0,0,0,0,0.015,0.005,1,0,0,0,0,0,0,0.005,0.98,0,0,0,0,0,0.01,0.03,0,0,0,0,0,0,0,0,0,12488,1589,0,12488,8316,0,7,9,0,7,198,0,0,0,0,0,0,0,0,0,0,0,0,0,0,0,0,0,0,0,0,0,0,0,0,0,0,0,0,0,0,0,0,0,0,0,0,0,0,0.015562764,0.035013918,0.016081017,0.026267242,0.00253048,0.009930843,0.002660355,0.0022235,2392.5,2145,250,987,223,17,0.035,0.5,9.5,0,6,0,0,0,0,0,0,0,0,783.5,5600,0,0,200,0,4.5,0,0,0,0,0,0,7,7,0,0,0,0,0,0,0,0,0,0,0.01,0.04,0.02,256,0,0,0,5,1500,65536,1500,1000,1000,1000,0,0,1,0,1,1,13,4,6,0,0,0,4,0,0,2,24576,0,0,368,5,Attack
03/12/2023 09:57:55,0.99,0,0,0,0.005,0,0,0.005,0.985,0,0,0,0,0,0.01,0,0.985,0,0,0,0,0,0.005,0,0.955,0,0,0,0,0,0.015,0.025,0,0,0,0,0,0,0,0,0,12481,5485,0,12481,8316,0,7,7,0,7,198,0,0,0,0,0,0,0,0,0,0,0,0,0,0,0,0,0,0,0,0,0,0,0,0,0,0,0,0,0,0,0,0,0,0,0,0,0,0,0.006794106,0.012888449,0.008590801,0.037135022,3.92E-05,0.001341713,0.000377976,0.00208245,2272.5,2052,126,660,211,232.5,0.04,0.5,7,0.5,6,0,0,0,0,0,0,0,0,3918.5,5614,0,0,198.5,0,4.5,0,0,0,0,0,0,7,7,0,0,0,0,0,0,0,0,0,0,0,0.04,0.02,256,0,0,0,5,1500,65536,1500,1000,1000,1000,0,0,1,0,1,1,13,4,6,0,0,0,4,0,0,2,24576,0,0,368,5,Attack
03/12/2023 09:58:00,0.975,0,0,0,0,0,0.015,0.005,0.98,0,0,0,0,0,0.005,0.005,0.98,0,0,0,0,0,0.005,0,0.94,0,0,0,0,0,0.01,0.03,0,0,0,0,0,0,0,0,0,12567.5,1389,0,12567.5,8316,0,8,6.5,0,8,198,0,0,0,0,0,0,0,0,0,0,0,0,0,0,0,0,0,0,0,0,0,0,0,0,0,0,0,0,0,0,0,0,0,0,0,0,0,0,0.014423113,0.015006484,0.010509091,0.051901897,0.002375169,0.001259769,0.001158881,0.001708917,2246.5,1965,356,489.5,246.5,321,0.06,1,6.5,1,6,0,0,0,0,0,0,0,0,683.5,5516,0,0,193,0,3,0,0,0,0,0,0,7.5,7.5,0,0,0,0,0,0,0,0,0,0,0,0.04,0.02,256,0,0,0,5,1500,65536,1500,1000,1000,1000,0,0,1,0,1,1,13,4,6,0,0,0,4,0,0,2,24576,0,0,367,5,Attack
